name,type,isin,ticker_euronext,market,eligible_pea,yahoo_ticker
ACCOR SA,Common Stock,,AC,Euronext Paris,True,AC.PA
HYDRAULIQUE HOLDING,Common Stock,,MLHYD,Euronext Paris,True,MLHYD.PA
REMY COINTREAU,Common Stock,,RCO,Euronext Paris,True,RCO.PA
PASSAT,Common Stock,,ALPAS,Euronext Paris,True,ALPAS.PA
FONCIERE EURIS,Common Stock,,EURS,Euronext Paris,True,EURS.PA
DASSAULT AVIATION SA,Common Stock,,AM,Euronext Paris,True,AM.PA
SCHNEIDER ELECTRIC SE,Common Stock,,SU,Euronext Paris,True,SU.PA
SOCIETE BIC SA,Common Stock,,BB,Euronext Paris,True,BB.PA
BNP PARIBAS,Common Stock,,BNP,Euronext Paris,True,BNP.PA
SAVENCIA SA,Common Stock,,SAVE,Euronext Paris,True,SAVE.PA
BOUYGUES SA,Common Stock,,EN,Euronext Paris,True,EN.PA
DANONE,Common Stock,,BN,Euronext Paris,True,BN.PA
CAPGEMINI SE,Common Stock,,CAP,Euronext Paris,True,CAP.PA
CARREFOUR SA,Common Stock,,CA,Euronext Paris,True,CA.PA
CASINO GUICHARD PERRACHON,Common Stock,,CO,Euronext Paris,True,CO.PA
MERSEN,Common Stock,,MRN,Euronext Paris,True,MRN.PA
VIRIDIEN,Common Stock,,VIRI,Euronext Paris,True,VIRI.PA
VIVENDI SE,Common Stock,,VIV,Euronext Paris,True,VIV.PA
TOTALENERGIES EP GABON,Common Stock,,EC,Euronext Paris,True,EC.PA
FORVIA,Common Stock,,FRVIA,Euronext Paris,True,FRVIA.PA
NORTH ATLANTIC ENERGIES,Common Stock,,NAE,Euronext Paris,True,NAE.PA
ESSILORLUXOTTICA,Common Stock,,EL,Euronext Paris,True,EL.PA
EURAZEO SE,Common Stock,,RF,Euronext Paris,True,RF.PA
SODEXO SA,Common Stock,,SW,Euronext Paris,True,SW.PA
EIFFAGE,Common Stock,,FGR,Euronext Paris,True,FGR.PA
GASCOGNE,Common Stock,,ALBI,Euronext Paris,True,ALBI.PA
GAUMONT SA,Common Stock,,GAM,Euronext Paris,True,GAM.PA
GUERBET,Common Stock,,GBT,Euronext Paris,True,GBT.PA
VERNEY-CARRON SA-REG SHS,Common Stock,,MLVER,Euronext Paris,True,MLVER.PA
JACQUET METALS SA,Common Stock,,JCQ,Euronext Paris,True,JCQ.PA
IMERYS SA,Common Stock,,NK,Euronext Paris,True,NK.PA
MANITOU BF,Common Stock,,MTU,Euronext Paris,True,MTU.PA
COMPAGNIE LEBON,Common Stock,,ALBON,Euronext Paris,True,ALBON.PA
LECTRA,Common Stock,,LSS,Euronext Paris,True,LSS.PA
LVMH MOET HENNESSY LOUIS VUI,Common Stock,,MC,Euronext Paris,True,MC.PA
AXA SA,Common Stock,,CS,Euronext Paris,True,CS.PA
ROBERTET SA,Common Stock,,RBT,Euronext Paris,True,RBT.PA
MICHELIN (CGDE),Common Stock,,ML,Euronext Paris,True,ML.PA
ROBERTET SA-CI,Common Stock,,CBE,Euronext Paris,True,CBE.PA
TELEPERFORMANCE,Common Stock,,TEP,Euronext Paris,True,TEP.PA
LAGARDERE SA,Common Stock,,MMB,Euronext Paris,True,MMB.PA
WENDEL,Common Stock,,MF,Euronext Paris,True,MF.PA
BERNARD LOISEAU SA,Common Stock,,ALDBL,Euronext Paris,True,ALDBL.PA
SYNERGIE SA,Common Stock,,SDG,Euronext Paris,True,SDG.PA
L'OREAL,Common Stock,,OR,Euronext Paris,True,OR.PA
PERNOD RICARD SA,Common Stock,,RI,Euronext Paris,True,RI.PA
KERING,Common Stock,,KER,Euronext Paris,True,KER.PA
PUBLICIS GROUPE,Common Stock,,PUB,Euronext Paris,True,PUB.PA
SEB SA,Common Stock,,SK,Euronext Paris,True,SK.PA
COMPAGNIE DE SAINT GOBAIN,Common Stock,,SGO,Euronext Paris,True,SGO.PA
SOCIETE GENERALE SA,Common Stock,,GLE,Euronext Paris,True,GLE.PA
THALES SA,Common Stock,,HO,Euronext Paris,True,HO.PA
TELEVISION FRANCAISE (T.F.1),Common Stock,,TFI,Euronext Paris,True,TFI.PA
VICAT,Common Stock,,VCT,Euronext Paris,True,VCT.PA
VALLOUREC SA,Common Stock,,VK,Euronext Paris,True,VK.PA
VALEO,Common Stock,,FR,Euronext Paris,True,FR.PA
STRADIM-ESPACE FINANCES SA,Common Stock,,ALSAS,Euronext Paris,True,ALSAS.PA
OPMOBILITY,Common Stock,,OPM,Euronext Paris,True,OPM.PA
ALTEN SA,Common Stock,,ATE,Euronext Paris,True,ATE.PA
GROUPE CRIT,Common Stock,,CEN,Euronext Paris,True,CEN.PA
STEF,Common Stock,,STF,Euronext Paris,True,STF.PA
CATERING INTL SERVICES,Common Stock,,ALCIS,Euronext Paris,True,ALCIS.PA
GROUPE GUILLIN,Common Stock,,ALGIL,Euronext Paris,True,ALGIL.PA
VINCI SA,Common Stock,,DG,Euronext Paris,True,DG.PA
HERMES INTERNATIONAL,Common Stock,,RMS,Euronext Paris,True,RMS.PA
SOPRA STERIA GROUP,Common Stock,,SOP,Euronext Paris,True,SOP.PA
BOIRON SA,Common Stock,,BOI,Euronext Paris,True,BOI.PA
PEUGEOT INVEST,Common Stock,,PEUG,Euronext Paris,True,PEUG.PA
TRIGANO SA,Common Stock,,TRI,Euronext Paris,True,TRI.PA
EAUX DE ROYAN SA,Common Stock,,MLEDR,Euronext Paris,True,MLEDR.PA
HYDRO-EXPLOITATIONS SA,Common Stock,,MLHYE,Euronext Paris,True,MLHYE.PA
MARIE BRIZARD WINE & SPIRITS,Common Stock,,MBWS,Euronext Paris,True,MBWS.PA
GROUPE CARNIVOR,Common Stock,,MLGRC,Euronext Paris,True,MLGRC.PA
MOTOCYCLES ARDOIN ST AMAND,Common Stock,,MLARD,Euronext Paris,True,MLARD.PA
STE IND & FIN DE L'ARTOIS SA,Common Stock,,ARTO,Euronext Paris,True,ARTO.PA
TRANSITION EVERGREEN,Common Stock,,EGR,Euronext Paris,True,EGR.PA
ARDOIN ST AMAND-B,Common Stock,,ARDO,Euronext Paris,True,ARDO.PA
DIAGNOSTIC MEDICAL SYSTEMS,Common Stock,,ALDMS,Euronext Paris,True,ALDMS.PA
HOTELIERE & IMMOBILIERE NICE,Common Stock,,MLHIN,Euronext Paris,True,MLHIN.PA
PLACOPLATRE,Common Stock,,MLPLC,Euronext Paris,True,MLPLC.PA
LES HOTELS DE PARIS,Common Stock,,HDP,Euronext Paris,True,HDP.PA
NATIONALE DE PROPRIETE,Common Stock,,MLPRI,Euronext Paris,True,MLPRI.PA
COMPAGNIE DU MONT-BLANC,Common Stock,,MLCMB,Euronext Paris,True,MLCMB.PA
CHRISTIAN DIOR SE,Common Stock,,CDI,Euronext Paris,True,CDI.PA
CR DE CREDIT AGRICOLE IDF,Common Stock,,CAF,Euronext Paris,True,CAF.PA
CA ILLE ET VILAINE-CCI,Common Stock,,CIV,Euronext Paris,True,CIV.PA
COURBET HERITAGE,Common Stock,,MLCOU,Euronext Paris,True,MLCOU.PA
HOTELIM,Common Stock,,MLHOT,Euronext Paris,True,MLHOT.PA
FLEURY MICHON SA,Common Stock,,ALFLE,Euronext Paris,True,ALFLE.PA
FINANC HOCHE LES BAINS,Common Stock,,MLHBB,Euronext Paris,True,MLHBB.PA
EUROFINS SCIENTIFIC,Common Stock,,ERF,Euronext Paris,True,ERF.PA
FIDUCIAL OFFICE SOLUTION,Common Stock,,SACI,Euronext Paris,True,SACI.PA
ELECTRICITE ET EAUX DE MADAG,Common Stock,,EEM,Euronext Paris,True,EEM.PA
EXPLOSIFS PROD. CHI,Common Stock,,EXPL,Euronext Paris,True,EXPL.PA
ABL DIAGNOSTICS,Common Stock,,ABLD,Euronext Paris,True,ABLD.PA
FIPP,Common Stock,,FIPP,Euronext Paris,True,FIPP.PA
GEVELOT SA,Common Stock,,ALGEV,Euronext Paris,True,ALGEV.PA
LATECOERE,Common Stock,,LAT,Euronext Paris,True,LAT.PA
OENEO,Common Stock,,SBT,Euronext Paris,True,SBT.PA
ROUGIER SA,Common Stock,,ALRGR,Euronext Paris,True,ALRGR.PA
SAINT JEAN GROUPE SA,Common Stock,,SABE,Euronext Paris,True,SABE.PA
STMICROELECTRONICS NV,Common Stock,,STMPA,Euronext Paris,True,STMPA.PA
ALAN ALLMAN ASSOCIATES,Common Stock,,AAA,Euronext Paris,True,AAA.PA
ATOS SE,Common Stock,,ATO,Euronext Paris,True,ATO.PA
BURELLE SA,Common Stock,,BUR,Euronext Paris,True,BUR.PA
HERIGE,Common Stock,,ALHRG,Euronext Paris,True,ALHRG.PA
SWORD GROUP,Common Stock,,SWP,Euronext Paris,True,SWP.PA
CHEMINS DE FER DEPARTEMENTAU,Common Stock,,MLCFD,Euronext Paris,True,MLCFD.PA
BARBARA BUI,Common Stock,,BUI,Euronext Paris,True,BUI.PA
ADOMOS,Common Stock,,ALADO,Euronext Paris,True,ALADO.PA
ENGIE,Common Stock,,ENGI,Euronext Paris,True,ENGI.PA
CEGEDIM SA,Common Stock,,ALCGM,Euronext Paris,True,ALCGM.PA
VIEL ET COMPAGNIE,Common Stock,,VIL,Euronext Paris,True,VIL.PA
RENAULT SA,Common Stock,,RNO,Euronext Paris,True,RNO.PA
HOPENING,Common Stock,,MLHPE,Euronext Paris,True,MLHPE.PA
QUADIENT SA,Common Stock,,QDT,Euronext Paris,True,QDT.PA
PLASTIVALOIRE,Common Stock,,PVL,Euronext Paris,True,PVL.PA
DEKUPLE,Common Stock,,DKUPL,Euronext Paris,True,DKUPL.PA
UBISOFT ENTERTAINMENT,Common Stock,,UBI,Euronext Paris,True,UBI.PA
AIR LIQUIDE SA,Common Stock,,AI,Euronext Paris,True,AI.PA
BOURRELIER GROUP,Common Stock,,ALBOU,Euronext Paris,True,ALBOU.PA
LISI,Common Stock,,FII,Euronext Paris,True,FII.PA
GRANDE ARMEE INVESTISSEMENT,Common Stock,,MLGAI,Euronext Paris,True,MLGAI.PA
BENETEAU,Common Stock,,BEN,Euronext Paris,True,BEN.PA
OBER SA,Common Stock,,ALOBR,Euronext Paris,True,ALOBR.PA
S.T. DUPONT,Common Stock,,DPT,Euronext Paris,True,DPT.PA
INTERPARFUMS SA,Common Stock,,ITP,Euronext Paris,True,ITP.PA
GROUPE LDLC,Common Stock,,ALLDL,Euronext Paris,True,ALLDL.PA
BIOMERIEUX,Common Stock,,BIM,Euronext Paris,True,BIM.PA
ZCCM INVESTMENT HOLDINGS-B,Common Stock,,MLZAM,Euronext Paris,True,MLZAM.PA
CA TOURAINE POITOU-CCI,Common Stock,,CRTO,Euronext Paris,True,CRTO.PA
BOLLORE SE,Common Stock,,BOL,Euronext Paris,True,BOL.PA
PISCINES DESJOYAUX SA,Common Stock,,ALPDX,Euronext Paris,True,ALPDX.PA
SELCODIS,Common Stock,,SLCO,Euronext Paris,True,SLCO.PA
IDS,Common Stock,,MLIDS,Euronext Paris,True,MLIDS.PA
SAFRAN SA,Common Stock,,SAF,Euronext Paris,True,SAF.PA
WAVESTONE,Common Stock,,WAVE,Euronext Paris,True,WAVE.PA
HOTEL MAJESTIC SOCIETE IMMO,Common Stock,,MLHMC,Euronext Paris,True,MLHMC.PA
KAUFMAN & BROAD SA,Common Stock,,KOF,Euronext Paris,True,KOF.PA
TRANSGENE SA,Common Stock,,TNG,Euronext Paris,True,TNG.PA
LOMBARD ET MEDOT,Common Stock,,MLCAC,Euronext Paris,True,MLCAC.PA
ABC ARBITRAGE,Common Stock,,ABCA,Euronext Paris,True,ABCA.PA
SOCIETE DES BAINS DE MER,Common Stock,,BAIN,Euronext Paris,True,BAIN.PA
TRACTIAL SA,Common Stock,,ALTRA,Euronext Paris,True,ALTRA.PA
LEXIBOOK LINGUISTIC ELECTRON,Common Stock,,ALLEX,Euronext Paris,True,ALLEX.PA
INSTALLUX SA,Common Stock,,ALLUX,Euronext Paris,True,ALLUX.PA
PRECIA,Common Stock,,ALPM,Euronext Paris,True,ALPM.PA
JACQUES BOGART,Common Stock,,JBOG,Euronext Paris,True,JBOG.PA
ACTIA GROUP,Common Stock,,ALATI,Euronext Paris,True,ALATI.PA
LACROIX GROUP,Common Stock,,LACR,Euronext Paris,True,LACR.PA
THERMADOR GROUPE,Common Stock,,THEP,Euronext Paris,True,THEP.PA
IMALLIANCE,Common Stock,,MLIML,Euronext Paris,True,MLIML.PA
SOLOCAL GROUP,Common Stock,,LOCAL,Euronext Paris,True,LOCAL.PA
LABORATOIRES EUROMEDIS,Common Stock,,ALEMG,Euronext Paris,True,ALEMG.PA
AUREA,Common Stock,,AURE,Euronext Paris,True,AURE.PA
ALTUR INVESTISSEMENT,Common Stock,,ALTUR,Euronext Paris,True,ALTUR.PA
LINEDATA SERVICES,Common Stock,,LIN,Euronext Paris,True,LIN.PA
ATARI SA,Common Stock,,ALATA,Euronext Paris,True,ALATA.PA
VIRBAC SA,Common Stock,,VIRP,Euronext Paris,True,VIRP.PA
MR BRICOLAGE,Common Stock,,ALMRB,Euronext Paris,True,ALMRB.PA
GROUPE JAJ,Common Stock,,GJAJ,Euronext Paris,True,GJAJ.PA
NSC GROUPE,Common Stock,,ALNSC,Euronext Paris,True,ALNSC.PA
NEXANS SA,Common Stock,,NEX,Euronext Paris,True,NEX.PA
KEYRUS,Common Stock,,ALKEY,Euronext Paris,True,ALKEY.PA
AUGROS COSMETIC PACKAGING,Common Stock,,AUGR,Euronext Paris,True,AUGR.PA
COMPAGNIE DE L'ODET SA,Common Stock,,ODET,Euronext Paris,True,ODET.PA
SANOFI,Common Stock,,SAN,Euronext Paris,True,SAN.PA
IPSEN,Common Stock,,IPN,Euronext Paris,True,IPN.PA
EXEL INDUSTRIES SA-A SHS,Common Stock,,EXE,Euronext Paris,True,EXE.PA
PIERRE & VACANCES,Common Stock,,VAC,Euronext Paris,True,VAC.PA
DELTA PLUS GROUP,Common Stock,,ALDLT,Euronext Paris,True,ALDLT.PA
PLANT ADVANCED TECHNOLOGIES,Common Stock,,ALPAT,Euronext Paris,True,ALPAT.PA
TELEVERBIER,Common Stock,,TVRB,Euronext Paris,True,TVRB.PA
NEOCOM MULTIMEDIA,Common Stock,,MLNEO,Euronext Paris,True,MLNEO.PA
HF COMPANY,Common Stock,,ALHF,Euronext Paris,True,ALHF.PA
INTEXA,Common Stock,,ITXT,Euronext Paris,True,ITXT.PA
LUMIBIRD,Common Stock,,LBIRD,Euronext Paris,True,LBIRD.PA
EO2,Common Stock,,ALEO2,Euronext Paris,True,ALEO2.PA
CHEOPS TECHNOLOGY,Common Stock,,MLCHE,Euronext Paris,True,MLCHE.PA
TXCOM,Common Stock,,ALTXC,Euronext Paris,True,ALTXC.PA
CIE FIN DE L'OUEST AFRICAIN,Common Stock,,FOAF,Euronext Paris,True,FOAF.PA
REVIVAL EXPANSION,Common Stock,,MLREX,Euronext Paris,True,MLREX.PA
TOTALENERGIES SE,Common Stock,,TTE,Euronext Paris,True,TTE.PA
EUROPLASMA,Common Stock,,ALEUP,Euronext Paris,True,ALEUP.PA
BONDUELLE SCA,Common Stock,,BON,Euronext Paris,True,BON.PA
STREIT MECANIQUE,Common Stock,,MLSTR,Euronext Paris,True,MLSTR.PA
HAULOTTE GROUP,Common Stock,,PIG,Euronext Paris,True,PIG.PA
TFF GROUP,Common Stock,,TFF,Euronext Paris,True,TFF.PA
MEDIA 6,Common Stock,,EDI,Euronext Paris,True,EDI.PA
INNELEC MULTIMEDIA,Common Stock,,ALINN,Euronext Paris,True,ALINN.PA
FIN & IMM L'ETANG BERRE-PF,Common Stock,,EBPF,Euronext Paris,True,EBPF.PA
U10 CORP,Common Stock,,ALU10,Euronext Paris,True,ALU10.PA
ALTAMIR,Common Stock,,LTA,Euronext Paris,True,LTA.PA
ROBERTET SA - CDV 87,Common Stock,,CBR,Euronext Paris,True,CBR.PA
VETOQUINOL SA,Common Stock,,VETO,Euronext Paris,True,VETO.PA
ITESOFT,Common Stock,,ITE,Euronext Paris,True,ITE.PA
LES HOTELS BAVEREZ,Common Stock,,ALLHB,Euronext Paris,True,ALLHB.PA
IMPRIMERIE CHIRAT,Common Stock,,MLIMP,Euronext Paris,True,MLIMP.PA
CONSORT NT,Common Stock,,MLCNT,Euronext Paris,True,MLCNT.PA
SIDETRADE,Common Stock,,ALBFR,Euronext Paris,True,ALBFR.PA
ERAMET,Common Stock,,ERA,Euronext Paris,True,ERA.PA
FONCIERE 7 INVEST,Common Stock,,LEBL,Euronext Paris,True,LEBL.PA
DYNAFOND SA,Common Stock,,MLDYN,Euronext Paris,True,MLDYN.PA
M6-METROPOLE TELEVISION,Common Stock,,MMT,Euronext Paris,True,MMT.PA
GRAINES VOLTZ SA,Common Stock,,GRVO,Euronext Paris,True,GRVO.PA
GPE GROUPE PIZZORNO,Common Stock,,GPE,Euronext Paris,True,GPE.PA
EROLD,Common Stock,,ALPLA,Euronext Paris,True,ALPLA.PA
DAMARIS,Common Stock,,MLDAM,Euronext Paris,True,MLDAM.PA
CA ALPES PROVENCE-CCI,Common Stock,,CRAP,Euronext Paris,True,CRAP.PA
GEA,Common Stock,,GEA,Euronext Paris,True,GEA.PA
AKWEL,Common Stock,,AKW,Euronext Paris,True,AKW.PA
BASTIDE LE CONFORT MEDICAL,Common Stock,,BLC,Euronext Paris,True,BLC.PA
BIGBEN INTERACTIVE,Common Stock,,BIG,Euronext Paris,True,BIG.PA
JSA TECHNOLOGY,Common Stock,,MLJSA,Euronext Paris,True,MLJSA.PA
NRJ GROUP,Common Stock,,NRG,Euronext Paris,True,NRG.PA
MASTRAD,Common Stock,,ALMAS,Euronext Paris,True,ALMAS.PA
VEOLIA ENVIRONNEMENT,Common Stock,,VIE,Euronext Paris,True,VIE.PA
AIRBUS SE,Common Stock,,AIR,Euronext Paris,True,AIR.PA
CBO TERRITORIA,Common Stock,,CBOT,Euronext Paris,True,CBOT.PA
ADUX,Common Stock,,ADUX,Euronext Paris,True,ADUX.PA
ARTMARKET.COM,Common Stock,,PRC,Euronext Paris,True,PRC.PA
ACTEOS,Common Stock,,EOS,Euronext Paris,True,EOS.PA
NEURONES,Common Stock,,NRO,Euronext Paris,True,NRO.PA
PROACTIS SA,Common Stock,,PROAC,Euronext Paris,True,PROAC.PA
EQUASENS,Common Stock,,EQS,Euronext Paris,True,EQS.PA
SODITECH INGENIERIE,Common Stock,,ALSEC,Euronext Paris,True,ALSEC.PA
GROUPE SFPI,Common Stock,,SFPI,Euronext Paris,True,SFPI.PA
LAURENT-PERRIER,Common Stock,,LPE,Euronext Paris,True,LPE.PA
NETMEDIA GROUP,Common Stock,,ALNMG,Euronext Paris,True,ALNMG.PA
AUBAY,Common Stock,,AUB,Euronext Paris,True,AUB.PA
IT LINK SA,Common Stock,,ALITL,Euronext Paris,True,ALITL.PA
IPSOS,Common Stock,,IPS,Euronext Paris,True,IPS.PA
COHERIS SA,Common Stock,,COH,Euronext Paris,True,COH.PA
NETGEM SA,Common Stock,,ALNTG,Euronext Paris,True,ALNTG.PA
ASSYSTEM,Common Stock,,ASY,Euronext Paris,True,ASY.PA
NICOX SA,Common Stock,,ALCOX,Euronext Paris,True,ALCOX.PA
BOURSE DIRECT,Common Stock,,BSD,Euronext Paris,True,BSD.PA
S.O.I.T.E.C.,Common Stock,,SOI,Euronext Paris,True,SOI.PA
EGIDE,Common Stock,,ALGID,Euronext Paris,True,ALGID.PA
INFOTEL,Common Stock,,INF,Euronext Paris,True,INF.PA
GL EVENTS,Common Stock,,GLO,Euronext Paris,True,GLO.PA
EXAIL TECHNOLOGIES,Common Stock,,EXA,Euronext Paris,True,EXA.PA
PACTE NOVATION,Common Stock,,MLPAC,Euronext Paris,True,MLPAC.PA
UNIBEL,Common Stock,,UNBL,Euronext Paris,True,UNBL.PA
CALIBRE,Common Stock,,ALIBR,Euronext Paris,True,ALIBR.PA
HEXAOM,Common Stock,,ALHEX,Euronext Paris,True,ALHEX.PA
UNION TECHNOLOGIES INFORMAT,Common Stock,,FPG,Euronext Paris,True,FPG.PA
RIBER SA,Common Stock,,ALRIB,Euronext Paris,True,ALRIB.PA
PARROT SA,Common Stock,,PARRO,Euronext Paris,True,PARRO.PA
ALSTOM,Common Stock,,ALO,Euronext Paris,True,ALO.PA
ORANGE,Common Stock,,ORA,Euronext Paris,True,ORA.PA
COMPAGNIE DES ALPES,Common Stock,,CDA,Euronext Paris,True,CDA.PA
GERARD PERRIER ELECTRIC,Common Stock,,PERR,Euronext Paris,True,PERR.PA
SOGECLAIR,Common Stock,,ALSOG,Euronext Paris,True,ALSOG.PA
DELFINGEN,Common Stock,,ALDEL,Euronext Paris,True,ALDEL.PA
DERICHEBOURG,Common Stock,,DBG,Euronext Paris,True,DBG.PA
SOCIETE FRANCAISE DE CASINOS,Common Stock,,SFCA,Euronext Paris,True,SFCA.PA
CREDIT AGRICOLE SA,Common Stock,,ACA,Euronext Paris,True,ACA.PA
BASSAC SA,Common Stock,,BASS,Euronext Paris,True,BASS.PA
RUBIS,Common Stock,,RUI,Euronext Paris,True,RUI.PA
SCOR SE,Common Stock,,SCR,Euronext Paris,True,SCR.PA
ARCELORMITTAL,Common Stock,,MTP,Euronext Paris,True,MTP.PA
ARCHOS,Common Stock,,ALJXR,Euronext Paris,True,ALJXR.PA
LOCASYSTEM INTERNATIONAL,Common Stock,,MLLOI,Euronext Paris,True,MLLOI.PA
ENCRES DUBUIT,Common Stock,,ALDUB,Euronext Paris,True,ALDUB.PA
HOPSCOTCH GROUPE,Common Stock,,ALHOP,Euronext Paris,True,ALHOP.PA
SARTORIUS STEDIM BIOTECH,Common Stock,,DIM,Euronext Paris,True,DIM.PA
TRAMWAYS DU VAR ET DU GARD,Common Stock,,MLCVG,Euronext Paris,True,MLCVG.PA
COREP LIGHTING,Common Stock,,MLCOR,Euronext Paris,True,MLCOR.PA
MARSEILL TUNNEL PRADO-CARENA,Common Stock,,ALTPC,Euronext Paris,True,ALTPC.PA
PRISMAFLEX INTERNATIONAL,Common Stock,,ALPRI,Euronext Paris,True,ALPRI.PA
AVENIR TELECOM,Common Stock,,AVT,Euronext Paris,True,AVT.PA
GUILLEMOT CORPORATION,Common Stock,,GUI,Euronext Paris,True,GUI.PA
CREDIT AGRICOLE DU MORBIHAN,Common Stock,,CMO,Euronext Paris,True,CMO.PA
CAFOM SA,Common Stock,,ALCAF,Euronext Paris,True,ALCAF.PA
FASHION B AIR SA,Common Stock,,ALFBA,Euronext Paris,True,ALFBA.PA
MAISON POMMERY & ASSOCIES SA,Common Stock,,POMRY,Euronext Paris,True,POMRY.PA
SECHE ENVIRONNEMENT,Common Stock,,SCHP,Euronext Paris,True,SCHP.PA
MG INTERNATIONAL,Common Stock,,ALMGI,Euronext Paris,True,ALMGI.PA
JCDECAUX SE,Common Stock,,DEC,Euronext Paris,True,DEC.PA
FONCIERE VOLTA,Common Stock,,SPEL,Euronext Paris,True,SPEL.PA
HIGH CO,Common Stock,,HCO,Euronext Paris,True,HCO.PA
FREELANCE.COM,Common Stock,,ALFRE,Euronext Paris,True,ALFRE.PA
MEMSCAP SA,Common Stock,,MEMS,Euronext Paris,True,MEMS.PA
CATANA GROUP,Common Stock,,ALCAT,Euronext Paris,True,ALCAT.PA
CARPINIENNE DE PARTICIPATION,Common Stock,,CARP,Euronext Paris,True,CARP.PA
EMOVA GROUP,Common Stock,,ALEMV,Euronext Paris,True,ALEMV.PA
COIL,Common Stock,,ALCOI,Euronext Paris,True,ALCOI.PA
SPEED RABBIT PIZZA SA,Common Stock,,MLSRP,Euronext Paris,True,MLSRP.PA
DASSAULT SYSTEMES SE,Common Stock,,DSY,Euronext Paris,True,DSY.PA
IMMOB PARIS PIERRES PRECIEUS,Common Stock,,MLIPP,Euronext Paris,True,MLIPP.PA
CA SUD RHONE ALPES-CCI,Common Stock,,CRSU,Euronext Paris,True,CRSU.PA
CFM INDOSUEZ WEALTH,Common Stock,,MLCFM,Euronext Paris,True,MLCFM.PA
COMPAGNIE CHARGEURS INVEST,Common Stock,,CRI,Euronext Paris,True,CRI.PA
BILENDI,Common Stock,,ALBLD,Euronext Paris,True,ALBLD.PA
ADP,Common Stock,,ADP,Euronext Paris,True,ADP.PA
CA NORMANDIE SEINE-CCI,Common Stock,,CCN,Euronext Paris,True,CCN.PA
MGI DIGITAL GRAPHIC TECHNOLO,Common Stock,,ALMDG,Euronext Paris,True,ALMDG.PA
WEACCESS GROUP,Common Stock,,MLWEA,Euronext Paris,True,MLWEA.PA
CREDIT AGRICOLE TOULOUSE 31,Common Stock,,CAT31,Euronext Paris,True,CAT31.PA
TROC DE L'ILE,Common Stock,,MLTRO,Euronext Paris,True,MLTRO.PA
CLARANOVA SE,Common Stock,,ALCLA,Euronext Paris,True,ALCLA.PA
VALERIO TX,Common Stock,,ALVIO,Euronext Paris,True,ALVIO.PA
GECI INTERNATIONAL,Common Stock,,ALGEC,Euronext Paris,True,ALGEC.PA
NEXITY,Common Stock,,NXI,Euronext Paris,True,NXI.PA
GROUPE PLUS-VALUE,Common Stock,,MLPVG,Euronext Paris,True,MLPVG.PA
SAMSE SA,Common Stock,,SAMS,Euronext Paris,True,SAMS.PA
WE CONNECT,Common Stock,,ALWEC,Euronext Paris,True,ALWEC.PA
RAMSAY GENERALE DE SANTE SA,Common Stock,,GDS,Euronext Paris,True,GDS.PA
COMPAGNIE DU CAMBODGE,Common Stock,,CBDG,Euronext Paris,True,CBDG.PA
MINT,Common Stock,,ALMIN,Euronext Paris,True,ALMIN.PA
LANSON-BCC,Common Stock,,ALLAN,Euronext Paris,True,ALLAN.PA
CHAUSSERIA,Common Stock,,CHSR,Euronext Paris,True,CHSR.PA
EVERSET,Common Stock,,MLEVE,Euronext Paris,True,MLEVE.PA
SIGNAUX GIROD,Common Stock,,ALGIR,Euronext Paris,True,ALGIR.PA
AQUILA,Common Stock,,ALAQU,Euronext Paris,True,ALAQU.PA
EUROBIO-SCIENTIFIC,Common Stock,,ALERS,Euronext Paris,True,ALERS.PA
AIR FRANCE-KLM,Common Stock,,AF,Euronext Paris,True,AF.PA
NEOVACS,Common Stock,,ALNEV,Euronext Paris,True,ALNEV.PA
FINANCIERE MARJOS,Common Stock,,FINM,Euronext Paris,True,FINM.PA
CA LOIRE-HAUTE-LOIRE-CCI,Common Stock,,CRLO,Euronext Paris,True,CRLO.PA
ARKEMA,Common Stock,,AKE,Euronext Paris,True,AKE.PA
AUPLATA MINING GR,Common Stock,,ALAMG,Euronext Paris,True,ALAMG.PA
CIBOX INTER@CTIVE,Common Stock,,ALCBX,Euronext Paris,True,ALCBX.PA
SOLUTIONS 30 SE,Common Stock,,S30,Euronext Paris,True,S30.PA
BLEECKER,Common Stock,,BLEE,Euronext Paris,True,BLEE.PA
CRCAM BRIE PIC2-CCI,Common Stock,,CRBP2,Euronext Paris,True,CRBP2.PA
SOCIETE FERMIERE DU CASINO,Common Stock,,FCMC,Euronext Paris,True,FCMC.PA
ALTHEORA SA,Common Stock,,ALORA,Euronext Paris,True,ALORA.PA
FSDV,Common Stock,,FSDV,Euronext Paris,True,FSDV.PA
BUREAU VERITAS SA,Common Stock,,BVI,Euronext Paris,True,BVI.PA
LA FORESTIERE EQUATORIALE,Common Stock,,FORE,Euronext Paris,True,FORE.PA
ENTREPRENDRE,Common Stock,,ALENR,Euronext Paris,True,ALENR.PA
LOGIC INSTRUMENT,Common Stock,,ALLOG,Euronext Paris,True,ALLOG.PA
UPERGY,Common Stock,,ALUPG,Euronext Paris,True,ALUPG.PA
DEVERNOIS SA,Common Stock,,ALDEV,Euronext Paris,True,ALDEV.PA
CROSSWOOD,Common Stock,,CROS,Euronext Paris,True,CROS.PA
INTEGRAGEN,Common Stock,,ALINT,Euronext Paris,True,ALINT.PA
XILAM ANIMATION,Common Stock,,ALXIL,Euronext Paris,True,ALXIL.PA
REXEL SA,Common Stock,,RXL,Euronext Paris,True,RXL.PA
IDI,Common Stock,,IDIP,Euronext Paris,True,IDIP.PA
FINANCIERE MONCEY,Common Stock,,FMONC,Euronext Paris,True,FMONC.PA
ADVINI,Common Stock,,ALAVI,Euronext Paris,True,ALAVI.PA
VERGNET,Common Stock,,ALVER,Euronext Paris,True,ALVER.PA
VUSION,Common Stock,,VU,Euronext Paris,True,VU.PA
BODY ONE,Common Stock,,MLONE,Euronext Paris,True,MLONE.PA
EMEIS SA,Common Stock,,EMEIS,Euronext Paris,True,EMEIS.PA
NOVATECH INDUSTRIES,Common Stock,,MLNOV,Euronext Paris,True,MLNOV.PA
MAUREL ET PROM,Common Stock,,MAU,Euronext Paris,True,MAU.PA
SAPMER,Common Stock,,ALMER,Euronext Paris,True,ALMER.PA
DNXCORP,Common Stock,,ALDNX,Euronext Paris,True,ALDNX.PA
EXACOMPTA CLAIREFONTAINE,Common Stock,,ALEXA,Euronext Paris,True,ALEXA.PA
LEGRAND SA,Common Stock,,LR,Euronext Paris,True,LR.PA
POUJOULAT,Common Stock,,ALPJT,Euronext Paris,True,ALPJT.PA
COURTOIS-R,Common Stock,,COUR,Euronext Paris,True,COUR.PA
HITECHPROS,Common Stock,,ALHIT,Euronext Paris,True,ALHIT.PA
DAMARTEX,Common Stock,,ALDAR,Euronext Paris,True,ALDAR.PA
L.D.C. SA,Common Stock,,LOUP,Euronext Paris,True,LOUP.PA
TOUAX,Common Stock,,ALTOU,Euronext Paris,True,ALTOU.PA
GROUPE ETPO SA,Common Stock,,INFE,Euronext Paris,True,INFE.PA
FIDUCIAL REAL ESTATE SA,Common Stock,,ORIA,Euronext Paris,True,ORIA.PA
ALTAREIT,Common Stock,,AREIT,Euronext Paris,True,AREIT.PA
NEXTEDIA,Common Stock,,ALNXT,Euronext Paris,True,ALNXT.PA
CA ATLANTIQUE VENDEE-CCI,Common Stock,,CRAV,Euronext Paris,True,CRAV.PA
CA NORD DE FRANCE-CCI,Common Stock,,CNDF,Euronext Paris,True,CNDF.PA
PHONE WEB,Common Stock,,MLPHW,Euronext Paris,True,MLPHW.PA
EUTELSAT COMMUNICATIONS,Common Stock,,ETL,Euronext Paris,True,ETL.PA
DOCKS DES PETROLES D'AMBES,Common Stock,,DPAM,Euronext Paris,True,DPAM.PA
ELECTRICITE DE STRASBOURG-RG,Common Stock,,ELEC,Euronext Paris,True,ELEC.PA
CELLECTIS,Common Stock,,ALCLS,Euronext Paris,True,ALCLS.PA
LNA SANTE,Common Stock,,LNA,Euronext Paris,True,LNA.PA
SBT,Common Stock,,MLSBT,Euronext Paris,True,MLSBT.PA
VIALIFE,Common Stock,,ALVIA,Euronext Paris,True,ALVIA.PA
MALTERIES FRANCO-BELGES,Common Stock,,MALT,Euronext Paris,True,MALT.PA
COFIDUR,Common Stock,,ALCOF,Euronext Paris,True,ALCOF.PA
MADE SA,Common Stock,,MLMAD,Euronext Paris,True,MLMAD.PA
WEYA,Common Stock,,MLWEY,Euronext Paris,True,MLWEY.PA
VOYAGEURS DU MONDE,Common Stock,,ALVDM,Euronext Paris,True,ALVDM.PA
FRANCE TOURISME IMMOBILIER,Common Stock,,MLFTI,Euronext Paris,True,MLFTI.PA
D.L.S.I.,Common Stock,,ALDLS,Euronext Paris,True,ALDLS.PA
REWORLD,Common Stock,,ALREW,Euronext Paris,True,ALREW.PA
MAGILLEM DESIGN SERVICES,Common Stock,,MLMGL,Euronext Paris,True,MLMGL.PA
PROLOGUE - REG,Common Stock,,ALPRG,Euronext Paris,True,ALPRG.PA
EUROPACORP,Common Stock,,ALECP,Euronext Paris,True,ALECP.PA
NSE,Common Stock,,ALNSE,Euronext Paris,True,ALNSE.PA
KLIMVEST PLC,Common Stock,,ALSIM,Euronext Paris,True,ALSIM.PA
CLARIANE SE,Common Stock,,CLARI,Euronext Paris,True,CLARI.PA
EAVS,Common Stock,,MLEAV,Euronext Paris,True,MLEAV.PA
INNATE PHARMA SA,Common Stock,,IPH,Euronext Paris,True,IPH.PA
EURASIA GROUPE,Common Stock,,ALEUA,Euronext Paris,True,ALEUA.PA
ODIOT SA,Common Stock,,MLODT,Euronext Paris,True,MLODT.PA
TRILOGIQ,Common Stock,,ALTRI,Euronext Paris,True,ALTRI.PA
AGROGENERATION,Common Stock,,ALAGR,Euronext Paris,True,ALAGR.PA
GENFIT,Common Stock,,GNFT,Euronext Paris,True,GNFT.PA
VANTIVA SA,Common Stock,,VANTI,Euronext Paris,True,VANTI.PA
ITISSALAT AL-MAGHRIB,Common Stock,,IAM,Euronext Paris,True,IAM.PA
AB SCIENCE SA,Common Stock,,AB,Euronext Paris,True,AB.PA
EUROLAND CORPORATE,Common Stock,,ALERO,Euronext Paris,True,ALERO.PA
PHOTONIKE CAPITAL SA,Common Stock,,MLPHO,Euronext Paris,True,MLPHO.PA
ETHERO,Common Stock,,ALENT,Euronext Paris,True,ALENT.PA
DOLFINES,Common Stock,,ALDOL,Euronext Paris,True,ALDOL.PA
EDUFORM'ACTION,Common Stock,,MLEFA,Euronext Paris,True,MLEFA.PA
QWAMPLIFY SA,Common Stock,,ALQWA,Euronext Paris,True,ALQWA.PA
ISPD NETWORK,Common Stock,,ALISP,Euronext Paris,True,ALISP.PA
EAGLE FOOTBALL GROUP,Common Stock,,EFG,Euronext Paris,True,EFG.PA
GROUPIMO,Common Stock,,ALIMO,Euronext Paris,True,ALIMO.PA
GENOWAY SA,Common Stock,,ALGEN,Euronext Paris,True,ALGEN.PA
CRCAM DU LANGUEDOC,Common Stock,,CRLA,Euronext Paris,True,CRLA.PA
NICOLAS MIGUET - REGR,Common Stock,,MLNMA,Euronext Paris,True,MLNMA.PA
FINAXO ENVIRONNEMENT,Common Stock,,MLFXO,Euronext Paris,True,MLFXO.PA
FOUNTAINE PAJOT SA,Common Stock,,ALFPC,Euronext Paris,True,ALFPC.PA
VALNEVA SE,Common Stock,,VLA,Euronext Paris,True,VLA.PA
ACHETER-LOUER.FR,Common Stock,,ALALO,Euronext Paris,True,ALALO.PA
OREGE,Common Stock,,OREGE,Euronext Paris,True,OREGE.PA
EASSON HOLDING LTD,Common Stock,,MLEAS,Euronext Paris,True,MLEAS.PA
ROCTOOL,Common Stock,,ALROC,Euronext Paris,True,ALROC.PA
I2S SA,Common Stock,,ALI2S,Euronext Paris,True,ALI2S.PA
GETLINK SE,Common Stock,,GET,Euronext Paris,True,GET.PA
STREAMWIDE,Common Stock,,ALSTW,Euronext Paris,True,ALSTW.PA
ATON SA,Common Stock,,ALTAO,Euronext Paris,True,ALTAO.PA
SIMAT,Common Stock,,MLMAT,Euronext Paris,True,MLMAT.PA
EDENRED,Common Stock,,EDEN,Euronext Paris,True,EDEN.PA
COLIPAYS,Common Stock,,MLCLP,Euronext Paris,True,MLCLP.PA
FIRSTCAUTION SA,Common Stock,,MLFIR,Euronext Paris,True,MLFIR.PA
SCEMI,Common Stock,,MLCMI,Euronext Paris,True,MLCMI.PA
APERAM,Common Stock,,APAM,Euronext Paris,True,APAM.PA
BIOSYNEX,Common Stock,,ALBIO,Euronext Paris,True,ALBIO.PA
PATRIMOINE ET COMMERCE-REGR,Common Stock,,PAT,Euronext Paris,True,PAT.PA
SIRIUS MEDIA,Common Stock,,ALSRS,Euronext Paris,True,ALSRS.PA
MOULINVEST SA,Common Stock,,ALMOU,Euronext Paris,True,ALMOU.PA
KLARSEN,Common Stock,,ALKLA,Euronext Paris,True,ALKLA.PA
VERALLIA,Common Stock,,VRLA,Euronext Paris,True,VRLA.PA
MEDIAN TECHNOLOGIES,Common Stock,,ALMDT,Euronext Paris,True,ALMDT.PA
74SOFTWARE SA,Common Stock,,74SW,Euronext Paris,True,74SW.PA
GLOBAL BIOENERGIES SA,Common Stock,,ALGBE,Euronext Paris,True,ALGBE.PA
MAUNA KEA TECHNOLOGIES,Common Stock,,ALMKT,Euronext Paris,True,ALMKT.PA
CAPITAL B,Common Stock,,ALCPB,Euronext Paris,True,ALCPB.PA
KLEA HOLDING,Common Stock,,ALKLH,Euronext Paris,True,ALKLH.PA
TELEVISTA SA - REGP,Common Stock,,MLVST,Euronext Paris,True,MLVST.PA
ONLINEFORMAPRO,Common Stock,,MLONL,Euronext Paris,True,MLONL.PA
SMALTO-REGR,Common Stock,,MLSML,Euronext Paris,True,MLSML.PA
COGRA 48,Common Stock,,ALCOG,Euronext Paris,True,ALCOG.PA
GALEO CONCEPT,Common Stock,,MLGAL,Euronext Paris,True,MLGAL.PA
ADOCIA SAS,Common Stock,,ADOC,Euronext Paris,True,ADOC.PA
DBV TECHNOLOGIES SA,Common Stock,,DBV,Euronext Paris,True,DBV.PA
NOKIA OYJ,Common Stock,,NOKIA,Euronext Paris,True,NOKIA.PA
INTRASENSE SAS,Common Stock,,ALINS,Euronext Paris,True,ALINS.PA
VERIMATRIX SA,Common Stock,,VMX,Euronext Paris,True,VMX.PA
BLUELINEA,Common Stock,,ALBLU,Euronext Paris,True,ALBLU.PA
GOLD BY GOLD,Common Stock,,ALGLD,Euronext Paris,True,ALGLD.PA
ID LOGISTICS GROUP,Common Stock,,IDL,Euronext Paris,True,IDL.PA
TPSH,Common Stock,,MLPSH,Euronext Paris,True,MLPSH.PA
MYHOTELMATCH,Common Stock,,MHM,Euronext Paris,True,MHM.PA
METHANOR SCA,Common Stock,,ALMET,Euronext Paris,True,ALMET.PA
AZ LEASING SPA,Common Stock,,MLAZL,Euronext Paris,True,MLAZL.PA
NOVACYT,Common Stock,,ALNOV,Euronext Paris,True,ALNOV.PA
NANOBIOTIX,Common Stock,,NANO,Euronext Paris,True,NANO.PA
ACTIVIUM GROUP,Common Stock,,MLACT,Euronext Paris,True,MLACT.PA
INFOCLIP,Common Stock,,MLIFC,Euronext Paris,True,MLIFC.PA
AMATHEON AGRI HOLDING NV,Common Stock,,MLAAH,Euronext Paris,True,MLAAH.PA
SPINEWAY,Common Stock,,ALSPW,Euronext Paris,True,ALSPW.PA
DYNEX ENERGY SA,Common Stock,,MLDYX,Euronext Paris,True,MLDYX.PA
SPINEGUARD SA,Common Stock,,ALSGD,Euronext Paris,True,ALSGD.PA
EKINOPS,Common Stock,,EKI,Euronext Paris,True,EKI.PA
CONDOR TECHNOLOGIES,Common Stock,,MLMFI,Euronext Paris,True,MLMFI.PA
FNAC DARTY SA,Common Stock,,FNAC,Euronext Paris,True,FNAC.PA
CELYAD ONCOLOGY,Common Stock,,CYAD,Euronext Paris,True,CYAD.PA
TONNER DRONES,Common Stock,,ALTD,Euronext Paris,True,ALTD.PA
FONCIERE VINDI SA,Common Stock,,MLVIN,Euronext Paris,True,MLVIN.PA
IMPLANET,Common Stock,,ALIMP,Euronext Paris,True,ALIMP.PA
CARBIOS,Common Stock,,ALCRB,Euronext Paris,True,ALCRB.PA
QUANTUM GENOMICS SAS-REGR,Common Stock,,ALQGC,Euronext Paris,True,ALQGC.PA
NEOLIFE,Common Stock,,ALNLF,Euronext Paris,True,ALNLF.PA
FIGEAC-AERO,Common Stock,,FGA,Euronext Paris,True,FGA.PA
AVENTADOR,Common Stock,,ALAVE,Euronext Paris,True,ALAVE.PA
CROSSJECT,Common Stock,,ALCJ,Euronext Paris,True,ALCJ.PA
GAZTRANSPORT ET TECHNIGA SA,Common Stock,,GTT,Euronext Paris,True,GTT.PA
VEOM GROUP,Common Stock,,ALVG,Euronext Paris,True,ALVG.PA
FERMENTALG,Common Stock,,ALGAE,Euronext Paris,True,ALGAE.PA
PROVENTURE GOLD INC,Common Stock,,MLPRO,Euronext Paris,True,MLPRO.PA
UMALIS GROUP,Common Stock,,MLUMG,Euronext Paris,True,MLUMG.PA
THERACLION,Common Stock,,ALTHE,Euronext Paris,True,ALTHE.PA
REALITES,Common Stock,,ALREA,Euronext Paris,True,ALREA.PA
EURONEXT NV,Common Stock,,ENX,Euronext Paris,True,ENX.PA
ELIOR GROUP,Common Stock,,ELIOR,Euronext Paris,True,ELIOR.PA
SERGE FERRARI GROUP,Common Stock,,SEFER,Euronext Paris,True,SEFER.PA
SCANDINAVIAN HOUSE,Common Stock,,MLSHD,Euronext Paris,True,MLSHD.PA
WORLDLINE SA,Common Stock,,WLN,Euronext Paris,True,WLN.PA
COFACE SA,Common Stock,,COFA,Euronext Paris,True,COFA.PA
ATEME SA,Common Stock,,ATEME,Euronext Paris,True,ATEME.PA
SEQUA PETROLEUM NV,Common Stock,,MLSEQ,Euronext Paris,True,MLSEQ.PA
VOLTALIA SA- REGR,Common Stock,,VLTSA,Euronext Paris,True,VLTSA.PA
ESPERITE,Common Stock,,ESP,Euronext Paris,True,ESP.PA
SPIE SA,Common Stock,,SPIE,Euronext Paris,True,SPIE.PA
LUCIBEL SA,Common Stock,,ALUCI,Euronext Paris,True,ALUCI.PA
ELIS SA,Common Stock,,ELIS,Euronext Paris,True,ELIS.PA
FRANCK DEVILLE,Common Stock,,MLFDV,Euronext Paris,True,MLFDV.PA
ARTEA - REGR,Common Stock,,ARTE,Euronext Paris,True,ARTE.PA
HOME CONCEPT FRANCE,Common Stock,,MLHCF,Euronext Paris,True,MLHCF.PA
AG3I,Common Stock,,MLAGI,Euronext Paris,True,MLAGI.PA
SEMPLICEMENTE SPA,Common Stock,,MLSMP,Euronext Paris,True,MLSMP.PA
EUROFINS CEREP-REGR,Common Stock,,ALECR,Euronext Paris,True,ALECR.PA
POXEL SA,Common Stock,,POXEL,Euronext Paris,True,POXEL.PA
CNOVA NV,Common Stock,,CNV,Euronext Paris,True,CNV.PA
SAFE ORTHOPAEDICS SA,Common Stock,,ALSAF,Euronext Paris,True,ALSAF.PA
PULLUP ENTERTAINMENT,Common Stock,,ALPUL,Euronext Paris,True,ALPUL.PA
BIOSENIC SA,Common Stock,,BOTHE,Euronext Paris,True,BOTHE.PA
ECOSLOPS,Common Stock,,ALESA,Euronext Paris,True,ALESA.PA
OSE IMMUNO,Common Stock,,OSE,Euronext Paris,True,OSE.PA
ABIONYX PHARMA SA,Common Stock,,ABNX,Euronext Paris,True,ABNX.PA
GROUPE PARTOUCHE SA-REGR,Common Stock,,PARP,Euronext Paris,True,PARP.PA
SENSORION SA,Common Stock,,ALSEN,Euronext Paris,True,ALSEN.PA
DRONE VOLT SACA,Common Stock,,ALDRV,Euronext Paris,True,ALDRV.PA
UNITI SA,Common Stock,,ALUNT,Euronext Paris,True,ALUNT.PA
WALLIX GROUP,Common Stock,,ALLIX,Euronext Paris,True,ALLIX.PA
HIPAY GROUP SA,Common Stock,,ALHYP,Euronext Paris,True,ALHYP.PA
ABIVAX SA,Common Stock,,ABVX,Euronext Paris,True,ABVX.PA
AMUNDI SA,Common Stock,,AMUN,Euronext Paris,True,AMUN.PA
AMOEBA SAS,Common Stock,,ALMIB,Euronext Paris,True,ALMIB.PA
BIOPHYTIS,Common Stock,,ALBPS,Euronext Paris,True,ALBPS.PA
GENTLEMEN'S EQUITY SA,Common Stock,,MLGEQ,Euronext Paris,True,MLGEQ.PA
VALONEO,Common Stock,,MLVAL,Euronext Paris,True,MLVAL.PA
H&K AG,Common Stock,,MLHK,Euronext Paris,True,MLHK.PA
ASHLER ET MANSON,Common Stock,,MLAEM,Euronext Paris,True,MLAEM.PA
SHOWROOMPRIVE,Common Stock,,SRP,Euronext Paris,True,SRP.PA
KKO INTERNATIONAL SA,Common Stock,,ALKKO,Euronext Paris,True,ALKKO.PA
POULAILLON SA,Common Stock,,ALPOU,Euronext Paris,True,ALPOU.PA
CMG CLEAN TECH SA,Common Stock,,MLCMG,Euronext Paris,True,MLCMG.PA
MILIBOO SA,Common Stock,,ALMLB,Euronext Paris,True,ALMLB.PA
MAISON CLIO BLUE,Common Stock,,MLCLI,Euronext Paris,True,MLCLI.PA
DBT,Common Stock,,ALDBT,Euronext Paris,True,ALDBT.PA
IMMERSION,Common Stock,,ALIMR,Euronext Paris,True,ALIMR.PA
GENEURO SA,Common Stock,,GNRO,Euronext Paris,True,GNRO.PA
AZOREAN TECH,Common Stock,,MLAAT,Euronext Paris,True,MLAAT.PA
SMCP SA,Common Stock,,SMCP,Euronext Paris,True,SMCP.PA
WITBE.NET,Common Stock,,ALWIT,Euronext Paris,True,ALWIT.PA
MAISONS DU MONDE SA,Common Stock,,MDM,Euronext Paris,True,MDM.PA
KERLINK,Common Stock,,ALKLK,Euronext Paris,True,ALKLK.PA
EUROPEAN MEDICAL SOLUTIONS S,Common Stock,,ASIT,Euronext Paris,True,ASIT.PA
LA SAVONNERIE DE NYONS SACA,Common Stock,,MLSDN,Euronext Paris,True,MLSDN.PA
FRANCAISE ENERGIE,Common Stock,,FDE,Euronext Paris,True,FDE.PA
ABEO SA,Common Stock,,ABEO,Euronext Paris,True,ABEO.PA
GENSIGHT BIOLOGICS SA,Common Stock,,SIGHT,Euronext Paris,True,SIGHT.PA
INVIBES ADVERTISING,Common Stock,,ALINV,Euronext Paris,True,ALINV.PA
INVENTIVA SA,Common Stock,,IVA,Euronext Paris,True,IVA.PA
TME PHARMA NV,Common Stock,,ALTME,Euronext Paris,True,ALTME.PA
CORETECH 5,Common Stock,,MLCOT,Euronext Paris,True,MLCOT.PA
SOLVAY SA,Common Stock,,SOLB,Euronext Paris,True,SOLB.PA
FNP TECHNOLOGIES SA,Common Stock,,MLFNP,Euronext Paris,True,MLFNP.PA
OSMOZIS SAS,Common Stock,,ALOSM,Euronext Paris,True,ALOSM.PA
TIKEHAU CAPITAL,Common Stock,,TKO,Euronext Paris,True,TKO.PA
PRODWAYS GROUP SA,Common Stock,,ALPWG,Euronext Paris,True,ALPWG.PA
X-FAB SILICON FOUNDRIES SE,Common Stock,,XFAB,Euronext Paris,True,XFAB.PA
AYVENS SA,Common Stock,,AYV,Euronext Paris,True,AYV.PA
VALBIOTIS SA,Common Stock,,ALVAL,Euronext Paris,True,ALVAL.PA
ONE EXPERIENCE,Common Stock,,ALEXP,Euronext Paris,True,ALEXP.PA
UV GERMI SA,Common Stock,,ALUVI,Euronext Paris,True,ALUVI.PA
ADEUNIS RF SACA,Common Stock,,ALARF,Euronext Paris,True,ALARF.PA
ALVEEN SA,Common Stock,,MLALV,Euronext Paris,True,MLALV.PA
THX PHARMA SACA,Common Stock,,ALTHX,Euronext Paris,True,ALTHX.PA
ADVICENNE,Common Stock,,ALDVI,Euronext Paris,True,ALDVI.PA
OCTOPUS BIOSAFETY,Common Stock,,MLOCT,Euronext Paris,True,MLOCT.PA
VENTE-UNIQUE.COM SA,Common Stock,,ALVU,Euronext Paris,True,ALVU.PA
METRICS IN BALANCE SA,Common Stock,,MLMIB,Euronext Paris,True,MLMIB.PA
MEDIA LAB SPA,Common Stock,,MLLAB,Euronext Paris,True,MLLAB.PA
PARX MATERIALS NV,Common Stock,,MLPRX,Euronext Paris,True,MLPRX.PA
DONT NOD ENTERTAINMENT SA,Common Stock,,ALDNE,Euronext Paris,True,ALDNE.PA
ENENSYS TECHNOLOGIES SA,Common Stock,,ALNN6,Euronext Paris,True,ALNN6.PA
KALRAY SADIR,Common Stock,,ALKAL,Euronext Paris,True,ALKAL.PA
COGELEC,Common Stock,,ALLEC,Euronext Paris,True,ALLEC.PA
CARVOLIX SA,Common Stock,,CVX,Euronext Paris,True,CVX.PA
ROCHE BOBOIS SA,Common Stock,,RBO,Euronext Paris,True,RBO.PA
2CRSI SA,Common Stock,,AL2SI,Euronext Paris,True,AL2SI.PA
BIO-UV GROUP SAS,Common Stock,,ALTUV,Euronext Paris,True,ALTUV.PA
ORDISSIMO SA,Common Stock,,ALORD,Euronext Paris,True,ALORD.PA
WINAMP GROUP SA,Common Stock,,ALWIN,Euronext Paris,True,ALWIN.PA
MEDINCELL SA,Common Stock,,MEDCL,Euronext Paris,True,MEDCL.PA
VOGO SACA,Common Stock,,ALVGO,Euronext Paris,True,ALVGO.PA
BLUE SHARK POWER SYSTEM SA,Common Stock,,MLBSP,Euronext Paris,True,MLBSP.PA
BAIKOWSKI SAS,Common Stock,,ALBKK,Euronext Paris,True,ALBKK.PA
TITAN SA,Common Stock,,TITC,Euronext Paris,True,TITC.PA
LLEIDANETWORKS SERVEIS TELEM,Common Stock,,ALLLN,Euronext Paris,True,ALLLN.PA
PREDILIFE SA,Common Stock,,ALPRE,Euronext Paris,True,ALPRE.PA
ITALY INNOVAZIONI,Common Stock,,MLITN,Euronext Paris,True,MLITN.PA
ARCURE SA,Common Stock,,ALCUR,Euronext Paris,True,ALCUR.PA
EDILIZIACROBATICA SPA,Common Stock,,ALEAC,Euronext Paris,True,ALEAC.PA
NR21,Common Stock,,NR21,Euronext Paris,True,NR21.PA
KUMULUS VAPE,Common Stock,,ALVAP,Euronext Paris,True,ALVAP.PA
SOCIETA EDITORIALE IL FATTO,Common Stock,,ALSEI,Euronext Paris,True,ALSEI.PA
GROUPE TERA,Common Stock,,ALGTR,Euronext Paris,True,ALGTR.PA
AERKOMM INC,Common Stock,,AKOM,Euronext Paris,True,AKOM.PA
BOOSTHEAT SACA,Common Stock,,ALBOO,Euronext Paris,True,ALBOO.PA
HOFFMANN GREEN CEMENT TECHNO,Common Stock,,ALHGR,Euronext Paris,True,ALHGR.PA
AGRIPOWER FRANCE SA,Common Stock,,ALAGP,Euronext Paris,True,ALAGP.PA
FDJ UNITED,Common Stock,,FDJU,Euronext Paris,True,FDJU.PA
MARE NOSTRUM SA,Common Stock,,ALMAR,Euronext Paris,True,ALMAR.PA
INNOVATIVE-RFK S.P.A,Common Stock,,MLIRF,Euronext Paris,True,MLIRF.PA
MUNIC,Common Stock,,ALMUN,Euronext Paris,True,ALMUN.PA
PAULIC MEUNERIE SA,Common Stock,,ALPAU,Euronext Paris,True,ALPAU.PA
NACON SA,Common Stock,,NACON,Euronext Paris,True,NACON.PA
FACEPHI BIOMETRIA SA,Common Stock,,ALPHI,Euronext Paris,True,ALPHI.PA
INMOSUPA SOCIMI SA,Common Stock,,MLISP,Euronext Paris,True,MLISP.PA
IANTE INVESTMENTS SOCIMI SA,Common Stock,,MLINT,Euronext Paris,True,MLINT.PA
ENERGISME SA,Common Stock,,ALNRG,Euronext Paris,True,ALNRG.PA
APTORUM GROUP LTD-CLASS A,Common Stock,,APM,Euronext Paris,True,APM.PA
ECOMIAM SA,Common Stock,,ALECO,Euronext Paris,True,ALECO.PA
LES CONSTRUCTEURS DU BOIS SA,Common Stock,,MLLCB,Euronext Paris,True,MLLCB.PA
MAKING SCIENCE GROUP SA,Common Stock,,ALMKS,Euronext Paris,True,ALMKS.PA
ALCHIMIE SAS,Common Stock,,ALCHI,Euronext Paris,True,ALCHI.PA
WINFARM SAS,Common Stock,,ALWF,Euronext Paris,True,ALWF.PA
TERACT SA,Common Stock,,TRACT,Euronext Paris,True,TRACT.PA
UCAPITAL GLOBAL PLC,Common Stock,,MLALE,Euronext Paris,True,MLALE.PA
HOPIUM SA,Common Stock,,ALHPI,Euronext Paris,True,ALHPI.PA
STELLANTIS NV,Common Stock,,STLAP,Euronext Paris,True,STLAP.PA
HYDROGEN REFUELING SOLUTIONS,Common Stock,,ALHRS,Euronext Paris,True,ALHRS.PA
TECHNIP ENERGIES NV,Common Stock,,TE,Euronext Paris,True,TE.PA
LARGO SA,Common Stock,,ALLGO,Euronext Paris,True,ALLGO.PA
GLOBAL PIELAGO SOCIMI SA,Common Stock,,MLNDG,Euronext Paris,True,MLNDG.PA
HAMILTON GLOBAL OPPORTUNITIE,Common Stock,,ALHGO,Euronext Paris,True,ALHGO.PA
OBIZ SA,Common Stock,,ALBIZ,Euronext Paris,True,ALBIZ.PA
NAM R SA,Common Stock,,ALNMR,Euronext Paris,True,ALNMR.PA
BELIEVE DIGITAL,Common Stock,,1284378D,Euronext Paris,True,1284378D.PA
OMER-DECUGIS & CIE SACA,Common Stock,,ALODC,Euronext Paris,True,ALODC.PA
ABO GROUP ENVIRONMENT,Common Stock,,ABO,Euronext Paris,True,ABO.PA
ARAMIS GROUP SAS,Common Stock,,ARAMI,Euronext Paris,True,ARAMI.PA
INTEGRITAS VIAGER SA,Common Stock,,MLVIE,Euronext Paris,True,MLVIE.PA
HYDROGENE DE FRANCE SACA,Common Stock,,HDF,Euronext Paris,True,HDF.PA
BOA CONCEPT SACA,Common Stock,,ALBOA,Euronext Paris,True,ALBOA.PA
NFL BIOSCIENCES SA,Common Stock,,ALNFL,Euronext Paris,True,ALNFL.PA
AMA CORP PLC,Common Stock,,ALAMA,Euronext Paris,True,ALAMA.PA
RAPID NUTRITION PLC,Common Stock,,ALRPD,Euronext Paris,True,ALRPD.PA
SPARTOO,Common Stock,,ALSPT,Euronext Paris,True,ALSPT.PA
E-PANGO SAS,Common Stock,,ALAGO,Euronext Paris,True,ALAGO.PA
ENOGIA SAS,Common Stock,,ALENO,Euronext Paris,True,ALENO.PA
RES GESTAE SOCIMI SA,Common Stock,,MLJDL,Euronext Paris,True,MLJDL.PA
IKONISYS SA,Common Stock,,ALIKO,Euronext Paris,True,ALIKO.PA
MERIDIA RE IV SOCIMI SAU,Common Stock,,MLMIV,Euronext Paris,True,MLMIV.PA
DEEZER SA,Common Stock,,DEEZR,Euronext Paris,True,DEEZR.PA
PLASTICOS COMPUESTOS SA,Common Stock,,ALKOM,Euronext Paris,True,ALKOM.PA
IMPULSE FITNESS SOLUTIONS SA,Common Stock,,MLIFS,Euronext Paris,True,MLIFS.PA
GROUPE AIRWELL,Common Stock,,ALAIR,Euronext Paris,True,ALAIR.PA
FAIFEY INVEST SOCIMI SA,Common Stock,,MLECE,Euronext Paris,True,MLECE.PA
IGIS NEPTUNE BARCELONA HOLDC,Common Stock,,MLABC,Euronext Paris,True,MLABC.PA
AFYREN SAS,Common Stock,,ALAFY,Euronext Paris,True,ALAFY.PA
ENTECH SACA,Common Stock,,ALESE,Euronext Paris,True,ALESE.PA
ANTIN INFRASTRUCTURE PARTNER,Common Stock,,ANTIN,Euronext Paris,True,ANTIN.PA
ARIMELIA ITG SOCIMI SA,Common Stock,,MLARI,Euronext Paris,True,MLARI.PA
OVH GROUPE SA,Common Stock,,OVH,Euronext Paris,True,OVH.PA
MEXEDIA SPA,Common Stock,,ALMEX,Euronext Paris,True,ALMEX.PA
SCIENTIA SCHOOL SA,Common Stock,,MLSCI,Euronext Paris,True,MLSCI.PA
AUDACIA SA,Common Stock,,ALAUD,Euronext Paris,True,ALAUD.PA
WAGA ENERGY SA,Common Stock,,WAGA,Euronext Paris,True,WAGA.PA
MAAT PHARMA SACA,Common Stock,,MAAT,Euronext Paris,True,MAAT.PA
FORSEE POWER SACA,Common Stock,,ALFOR,Euronext Paris,True,ALFOR.PA
CRYPTO BLOCKCHAIN INDUSTRIES,Common Stock,,ALCBI,Euronext Paris,True,ALCBI.PA
L AGENCE AUTOMOBILIERE SACA,Common Stock,,MLAA,Euronext Paris,True,MLAA.PA
GROLLEAU SACA,Common Stock,,ALGRO,Euronext Paris,True,ALGRO.PA
TOOSLA SACA,Common Stock,,ALTOO,Euronext Paris,True,ALTOO.PA
METAVISIO SA,Common Stock,,ALTHO,Euronext Paris,True,ALTHO.PA
PERSEIDA RENTA GESTION SOCIM,Common Stock,,MLPER,Euronext Paris,True,MLPER.PA
VANDOR REAL ESTATE SOCIMI SA,Common Stock,,MLVRE,Euronext Paris,True,MLVRE.PA
DASSAULT SYSTEMES SE-NEW,Common Stock,,DSYNV,Euronext Paris,True,DSYNV.PA
SIPARIO MOVIES,Common Stock,,ALIE,Euronext Paris,True,ALIE.PA
BEBO HEALTH SA,Common Stock,,MLBBO,Euronext Paris,True,MLBBO.PA
HAFFNER ENERGY SA,Common Stock,,ALHAF,Euronext Paris,True,ALHAF.PA
AELIS FARMA SAS,Common Stock,,AELIS,Euronext Paris,True,AELIS.PA
HUNYVERS SACA,Common Stock,,ALHUN,Euronext Paris,True,ALHUN.PA
JUNGLE21,Common Stock,,MLJ21,Euronext Paris,True,MLJ21.PA
BONYF NV,Common Stock,,MLBON,Euronext Paris,True,MLBON.PA
SMAIO SA,Common Stock,,ALSMA,Euronext Paris,True,ALSMA.PA
EUROAPI SASU,Common Stock,,EAPI,Euronext Paris,True,EAPI.PA
ASTROCAST SA,Common Stock,,2019171D,Euronext Paris,True,2019171D.PA
EMBENTION SISTEMAS INTELIGEN,Common Stock,,MLUAV,Euronext Paris,True,MLUAV.PA
BROADPEAK,Common Stock,,ALBPK,Euronext Paris,True,ALBPK.PA
LHYFE SAS,Common Stock,,LHYFE,Euronext Paris,True,LHYFE.PA
SKYTECH SA,Common Stock,,ALSKY,Euronext Paris,True,ALSKY.PA
GROUPE OKWIND SA,Common Stock,,ALOKW,Euronext Paris,True,ALOKW.PA
SAGAX REAL ESTATE SOCIMI SA,Common Stock,,MLSAG,Euronext Paris,True,MLSAG.PA
FILL UP MEDIA SA,Common Stock,,ALFUM,Euronext Paris,True,ALFUM.PA
ICAPE HOLDING SA,Common Stock,,ALICA,Euronext Paris,True,ALICA.PA
CHARWOOD ENERGY SA,Common Stock,,ALCWE,Euronext Paris,True,ALCWE.PA
VAZIVA SAS,Common Stock,,ALVAZ,Euronext Paris,True,ALVAZ.PA
SMART GOOD THINGS HOLDING SA,Common Stock,,MLSGT,Euronext Paris,True,MLSGT.PA
RACING FORCE SPA,Common Stock,,ALRFG,Euronext Paris,True,ALRFG.PA
ONCODESIGN PRECISION MEDICIN,Common Stock,,ALOPM,Euronext Paris,True,ALOPM.PA
HOTELES BESTPRICE SA,Common Stock,,MLHBP,Euronext Paris,True,MLHBP.PA
TATATU SPA,Common Stock,,ALTTU,Euronext Paris,True,ALTTU.PA
APODACA INVERSIONES INMOBILA,Common Stock,,MLASO,Euronext Paris,True,MLASO.PA
AREF THALASSA SOCIMI SA,Common Stock,,MLARE,Euronext Paris,True,MLARE.PA
CORE SPAIN HOLDCO SOCIMI SA,Common Stock,,MLCOE,Euronext Paris,True,MLCOE.PA
CABASSE SA,Common Stock,,ALCAB,Euronext Paris,True,ALCAB.PA
AZUR SELECTION SA/THE,Common Stock,,MLAZR,Euronext Paris,True,MLAZR.PA
ESSILORLUXOTTICA SA-NV23,Common Stock,,ELNV,Euronext Paris,True,ELNV.PA
IPSOS - NV23,Common Stock,,IPSNV,Euronext Paris,True,IPSNV.PA
LEPERMISLIBRE,Common Stock,,ALLPL,Euronext Paris,True,ALLPL.PA
FLORENTAISE SA,Common Stock,,ALFLO,Euronext Paris,True,ALFLO.PA
MUTTER VENTURES SA,Common Stock,,MLMUT,Euronext Paris,True,MLMUT.PA
K PRIME CAPITAL SOCIMI SA,Common Stock,,MLOKP,Euronext Paris,True,MLOKP.PA
VIRTUALWARE,Common Stock,,ALVIR,Euronext Paris,True,ALVIR.PA
MON COURTIER ENERGIE GROUPE,Common Stock,,ALMCE,Euronext Paris,True,ALMCE.PA
MONTEPINO LOGISTICA SL,Common Stock,,MLMTP,Euronext Paris,True,MLMTP.PA
WATERA SACA,Common Stock,,ALWTR,Euronext Paris,True,ALWTR.PA
VERDEMOBIL BIOGAZ SAS,Common Stock,,2282246D,Euronext Paris,True,2282246D.PA
VINPAI SAS,Common Stock,,ALVIN,Euronext Paris,True,ALVIN.PA
PET SERVICE HOLDING NV,Common Stock,,ALPET,Euronext Paris,True,ALPET.PA
ASTICKSO XXI SOCIMI SA,Common Stock,,MLAST,Euronext Paris,True,MLAST.PA
NORTEM BIOGROUP,Common Stock,,MLBIO,Euronext Paris,True,MLBIO.PA
COTY INC-CL A,Common Stock,,COTY,Euronext Paris,True,COTY.PA
PLANISWARE SA,Common Stock,,PLNW,Euronext Paris,True,PLNW.PA
ELIX RENTAL HOUSING SOCIMI I,Common Stock,,ELIX,Euronext Paris,True,ELIX.PA
SYENSQO SA,Common Stock,,SYENS,Euronext Paris,True,SYENS.PA
STIF SA,Common Stock,,ALSTI,Euronext Paris,True,ALSTI.PA
PLUXEE NV,Common Stock,,PLX,Euronext Paris,True,PLX.PA
ANDINO INVERSIONES GLOBAL SA,Common Stock,,MLAIG,Euronext Paris,True,MLAIG.PA
URBANIZADORA CONSTRUCTORA LE,Common Stock,,MLURC,Euronext Paris,True,MLURC.PA
MACOMPTA FR SAS,Common Stock,,ALCPA,Euronext Paris,True,ALCPA.PA
EXOSENS SAS,Common Stock,,EXENS,Euronext Paris,True,EXENS.PA
IMEON ENERGY SA,Common Stock,,MLIME,Euronext Paris,True,MLIME.PA
ONWARD MEDICAL,Common Stock,,ONWD,Euronext Paris,True,ONWD.PA
LIGHTON SAS,Common Stock,,ALTAI,Euronext Paris,True,ALTAI.PA
ODYSSEE TECHNOLOGIES,Common Stock,,ALODY,Euronext Paris,True,ALODY.PA
LOUIS HACHETTE GROUP,Common Stock,,ALHG,Euronext Paris,True,ALHG.PA
BIO-INOX,Common Stock,,MLNOX,Euronext Paris,True,MLNOX.PA
WELLNESS RESORTS SOCIMI SA,Common Stock,,MLWRS,Euronext Paris,True,MLWRS.PA
YOUNITED FINANCIAL,Common Stock,,YOUNI,Euronext Paris,True,YOUNI.PA
REBIRTH SPA,Common Stock,,ALREB,Euronext Paris,True,ALREB.PA
PREATONI GROUP SA,Common Stock,,MLPRG,Euronext Paris,True,MLPRG.PA
GLASS TO POWER SPA,Common Stock,,MLGL,Euronext Paris,True,MLGL.PA
SEMCO TECHNOLOGIES SAS,Common Stock,,ALSEM,Euronext Paris,True,ALSEM.PA
INMOLECULE NANOTECH SA,Common Stock,,MLINA,Euronext Paris,True,MLINA.PA
PRELUDE SA,Common Stock,,MLPRE,Euronext Paris,True,MLPRE.PA
VICSO INVEST SOCIMI SA,Common Stock,,MLVIC,Euronext Paris,True,MLVIC.PA
KALEON SPA,Common Stock,,ALKLN,Euronext Paris,True,ALKLN.PA
BOUYGUES NV26,Common Stock,,ENNV,Euronext Paris,True,ENNV.PA
KLARSEN,Common Stock,,KLBSO,Euronext Paris,True,KLBSO.PA
ENERGY SOLAR TECH SA,Common Stock,,ALETC,Euronext Paris,True,ALETC.PA
ES VEDRA PROPERTIES SOCIMI S,Common Stock,,MLESV,Euronext Paris,True,MLESV.PA
CIE DE SAINT-GOBAIN SA- NV26,Common Stock,,SGONV,Euronext Paris,True,SGONV.PA
AXA SA - NV26,Common Stock,,CSNV,Euronext Paris,True,CSNV.PA
RISING STONE SAS,Common Stock,,ALRIS,Euronext Paris,True,ALRIS.PA
BIMMART INVESTMENT SOCIMI SA,Common Stock,,MLBIM,Euronext Paris,True,MLBIM.PA
IEVA GROUP SAS,Common Stock,,ALIEV,Euronext Paris,True,ALIEV.PA
MEDITERRANEAN REIT SOCIMI SA,Common Stock,,MLMED,Euronext Paris,True,MLMED.PA
SS SPDR MSCI EUROPE SM CP-EA,ETP,,SMC,Euronext Paris,False,SMC.PA
SS SPD MSC EUR TEC UC ET-EUR,ETP,,STK,Euronext Paris,False,STK.PA
AMUNDI ETF DAX UCITS ETF DR,ETP,,CG1,Euronext Paris,False,CG1.PA
AMD CAC TRNST CLIMT UCIT ETF,ETP,,CF1,Euronext Paris,False,CF1.PA
AM EURO GOV BOND 1-3Y-ETF A,ETP,,MTA,Euronext Paris,False,MTA.PA
AM CR MSCI EMU UCIT ETF DIST,ETP,,MFE,Euronext Paris,False,MFE.PA
AM MSCI EMU HIGH DVD ETF ACC,ETP,,CD8,Euronext Paris,False,CD8.PA
EASYETN WORLD LUXURY ETN,ETP,,3297B,Euronext Paris,False,3297B.PA
BNP PAR EA CAC40R ESG UC-DIS,ETP,,E40,Euronext Paris,False,E40.PA
BNP EASY LW CARBON EUR PAB,ETP,,ECN,Euronext Paris,False,ECN.PA
SS SPD MSC EURO FINA UCI ETF,ETP,,STZ,Euronext Paris,False,STZ.PA
SS SPR MSI EUR ENGY UCIT ETF,ETP,,STN,Euronext Paris,False,STN.PA
INVES RAFI US FV UCITS ETF-D,ETP,,PFT,Euronext Paris,False,PFT.PA
INVESCO FTSE RAFI EUROPE,ETP,,PEF,Euronext Paris,False,PEF.PA
INVESCO FTSE RAFI EMERGING,ETP,,PEH,Euronext Paris,False,PEH.PA
INVESCO EURO CASH 3 MTH,ETP,,PEU,Euronext Paris,False,PEU.PA
AM MSCI WORLD SP II ETF DIST,ETP,,WLD,Euronext Paris,False,WLD.PA
AMUNDI CAC 40,ETP,,CAC,Euronext Paris,False,CAC.PA
AMUNDI JAPAN TOPIX DIST EUR,ETP,,JPN,Euronext Paris,False,JPN.PA
AMUND CAC 40 DAILY 2X LEV,ETP,,LVC,Euronext Paris,False,LVC.PA
AMUND CAC 40 DAILY -1X INVER,ETP,,SHC,Euronext Paris,False,SHC.PA
AMUNDI MSCI EUROPE GROWTH IN,ETP,,GWT,Euronext Paris,False,GWT.PA
AMUNDI MSCI EMU VALUE FACTOR,ETP,,VAL,Euronext Paris,False,VAL.PA
SS SPDR MSCI EUROPE UTILITIE,ETP,,STU,Euronext Paris,False,STU.PA
SS SPDR MSCI EUROPE INDUSTRI,ETP,,STQ,Euronext Paris,False,STQ.PA
SS SPDR MSCI EUROPE MATERIAL,ETP,,STP,Euronext Paris,False,STP.PA
AM EU GOV INF LNK BD-ETF ACC,ETP,,MTI,Euronext Paris,False,MTI.PA
AMUNDI EUROSTOXX 50,ETP,,MSE,Euronext Paris,False,MSE.PA
AMN DJ GL TTN 50 UCITS ETF-D,ETP,,MGT,Euronext Paris,False,MGT.PA
AM MSCI EUROPE UCITS ETF ACC,ETP,,MEU,Euronext Paris,False,MEU.PA
AM DOW JNS INDS AVG UC ETF-D,ETP,,DJE,Euronext Paris,False,DJE.PA
AMUNDI IBEX 35 UCITS ACC,ETP,,CS1,Euronext Paris,False,CS1.PA
SS SPDR MSCI EUROP UCITS ETF,ETP,,ERO,Euronext Paris,False,ERO.PA
AM LEVDAX DAILY 2X LEV-ETF A,ETP,,LVD,Euronext Paris,False,LVD.PA
AMUNDI DAX II UCITS ETF ACC,ETP,,DAX,Euronext Paris,False,DAX.PA
SS SPD MSC EUR CON DI UC ETF,ETP,,STR,Euronext Paris,False,STR.PA
SS SPD MS EU CO ST UC ET-EUR,ETP,,STS,Euronext Paris,False,STS.PA
SS SPD MSC EURO COM SE UC ET,ETP,,STT,Euronext Paris,False,STT.PA
SS SPD MSC EUR HE CAR UCI ET,ETP,,STW,Euronext Paris,False,STW.PA
AM EURO GOV BOND 3-5Y-ETF A,ETP,,MTB,Euronext Paris,False,MTB.PA
AM EURO GOV BD 10-15Y-ETF A,ETP,,MTE,Euronext Paris,False,MTE.PA
ISHARES EURO ST TL MKT GRW-L,ETP,,ISG,Euronext Paris,False,ISG.PA
AM EURO GOV BD 0-6 M ETF ACC,ETP,,C3M,Euronext Paris,False,C3M.PA
AM MSCI WORLD EX EMU ETF ACC,ETP,,CM9,Euronext Paris,False,CM9.PA
AM MSCI USA DLY 2X L ETF ACC,ETP,,CL2,Euronext Paris,False,CL2.PA
AMUND CAC40 DX2SHRT,ETP,,BX4,Euronext Paris,False,BX4.PA
AM STOXX EUROPE 50 U ETF ACC,ETP,,C5E,Euronext Paris,False,C5E.PA
AMUNDI MSCI UK IMI SRI CPA-C,ETP,,C1U,Euronext Paris,False,C1U.PA
AMUND NASDAQ 100 DALY LEV,ETP,,LQQ,Euronext Paris,False,LQQ.PA
AM EURO HR M-WT GOV BD-ETF A,ETP,,MAA,Euronext Paris,False,MAA.PA
HSBC FTSE 100 UCITS ETF,ETP,,UKX,Euronext Paris,False,UKX.PA
HSBC EURO STOXX 50 UCITS ETF,ETP,,50E,Euronext Paris,False,50E.PA
AM EURO GOV BD 15+Y-ETF A,ETP,,MTF,Euronext Paris,False,MTF.PA
BNP P FTSE EPRA/NAREIT EURO,ETP,,EEE,Euronext Paris,False,EEE.PA
AMUNDI MSCI EUROPE EX EMU ES,ETP,,CU9,Euronext Paris,False,CU9.PA
AMUNDI MSCI GREECE,ETP,,GRE,Euronext Paris,False,GRE.PA
AM MSCI INDIA SP ETF EUR ACC,ETP,,INR,Euronext Paris,False,INR.PA
AMUNDI DAILY SHORTDAY X2,ETP,,DSD,Euronext Paris,False,DSD.PA
AMUNDI BUND DAILY -2X INV,ETP,,DSB,Euronext Paris,False,DSB.PA
AM EURO GOV BOND 5-7Y-ETF A,ETP,,MTC,Euronext Paris,False,MTC.PA
AM EURO GOV BOND 7-10Y-ETF A,ETP,,MTD,Euronext Paris,False,MTD.PA
AM CR SP 500 SP ETF EUR DIST,ETP,,SP5,Euronext Paris,False,SP5.PA
GOLD BULLION SECURITIES LTD,ETP,,GBS,Euronext Paris,False,GBS.PA
WT AGRICULTURE,ETP,,AIGAP,Euronext Paris,False,AIGAP.PA
WT BROAD COMMODITIES,ETP,,AIGCP,Euronext Paris,False,AIGCP.PA
WT COPPER,ETP,,COPAP,Euronext Paris,False,COPAP.PA
WT WTI CRUDE OIL,ETP,,CRUDP,Euronext Paris,False,CRUDP.PA
WT GOLD,ETP,,BULLP,Euronext Paris,False,BULLP.PA
WT NATURAL GAS,ETP,,NGASP,Euronext Paris,False,NGASP.PA
WT PRECIOUS METALS,ETP,,AIGPP,Euronext Paris,False,AIGPP.PA
WT SILVER,ETP,,SLVRP,Euronext Paris,False,SLVRP.PA
WT WHEAT,ETP,,WEATP,Euronext Paris,False,WEATP.PA
HSBC MSCI JAPAN UCITS ETF,ETP,,MJP,Euronext Paris,False,MJP.PA
AMUND EURSTX 50 D -2X INVERS,ETP,,BXX,Euronext Paris,False,BXX.PA
AMUNDI EURSTX50 DAILY -1X,ETP,,BSX,Euronext Paris,False,BSX.PA
AMUNDI ETF LEV USA,ETP,,CL2USD,Euronext Paris,False,CL2USD.PA
AMUNDI MSCI UK IMI SRI GBP-C,ETP,,FTSE,Euronext Paris,False,FTSE.PA
AM MSCI EM SP II ETF EUR ACC,ETP,,LEM,Euronext Paris,False,LEM.PA
AMUND EURSTX50 DAILY LEV,ETP,,LVE,Euronext Paris,False,LVE.PA
INVESCO NASDAQ-100 DIST,ETP,,EQQQ,Euronext Paris,False,EQQQ.PA
AMUNDI FTSE MIB UCITS ETF,ETP,,MIB,Euronext Paris,False,MIB.PA
AMUND EURO OVERNIGHT RETURN,ETP,,CSH,Euronext Paris,False,CSH.PA
AMI MSCI NEY ESG SR UCTS ETF,ETP,,NRJ,Euronext Paris,False,NRJ.PA
AMDI MSCI WATER UCITS DR-ACC,ETP,,WAT,Euronext Paris,False,WAT.PA
DBX EONIA CASH ACC,ETP,,XEO,Euronext Paris,False,XEO.PA
AM CR FTSE 100 SWAP ETF ACC,ETP,,L100,Euronext Paris,False,L100.PA
X EUR OVERNIGHT RATE SWAP 1D,ETP,,XED,Euronext Paris,False,XED.PA
AMUNDI GLOBAL HYDROGEN,ETP,,ANRJ,Euronext Paris,False,ANRJ.PA
AM MSCI WORLD H CARE-ETF EA,ETP,,HLTW,Euronext Paris,False,HLTW.PA
AM MSCI WORLD IT-ETF E ACC,ETP,,TNOW,Euronext Paris,False,TNOW.PA
HSBC S&P 500 UCITS ETF,ETP,,HHH,Euronext Paris,False,HHH.PA
HSBC MSCI EUROPE UCITS ETF,ETP,,HEU,Euronext Paris,False,HEU.PA
HSBC MSCI USA QU UCS ETF-USD,ETP,,MUS,Euronext Paris,False,MUS.PA
AMUNDI US TREASURY BOND 1-3Y,ETP,,US13,Euronext Paris,False,US13.PA
AMUNDI US TREASURY BOND 3-7Y,ETP,,US37,Euronext Paris,False,US37.PA
AM CR UK GOVT BOND ETF DIST,ETP,,GILS,Euronext Paris,False,GILS.PA
LYXOR IBOXX LQD CORP LNG,ETP,,COUK,Euronext Paris,False,COUK.PA
AM UK GOVT INF-LNKD BD-ETF D,ETP,,GILI,Euronext Paris,False,GILI.PA
AMUNDI ITALY BTP DAILY -2X I,ETP,,BTPS,Euronext Paris,False,BTPS.PA
HSBC MSCI WORLD UCITS ETF,ETP,,WRD,Euronext Paris,False,WRD.PA
HSBC MSCI CHINA UCITS ETF,ETP,,CNY,Euronext Paris,False,CNY.PA
HSBC MSCI CANADA UCITS ETF,ETP,,HCAN,Euronext Paris,False,HCAN.PA
OSSIAM STOXX EUR 600 ESG BME,ETP,,S6EW,Euronext Paris,False,S6EW.PA
SS SPD MS AL CO WO UC ET-USD,ETP,,ACWE,Euronext Paris,False,ACWE.PA
SP MS ALL CO WI MKT UC ET-AC,ETP,,IMIE,Euronext Paris,False,IMIE.PA
SS SPDR MSCI EMG MRKT ETF-UA,ETP,,EMRG,Euronext Paris,False,EMRG.PA
SS SPDR BLOOMBERG EURO AGGRE,ETP,,EAGG,Euronext Paris,False,EAGG.PA
SS SPDR BBG EURO CORPO BD-EI,ETP,,EUCO,Euronext Paris,False,EUCO.PA
SPDR BBG US TREASURY,ETP,,TSYE,Euronext Paris,False,TSYE.PA
SS SPDR BBG EML BN UC-USD IN,ETP,,EMLD,Euronext Paris,False,EMLD.PA
EASYETN GLOBAL WATER ETN,ETP,,3550B,Euronext Paris,False,3550B.PA
EASYETN M&A EUROPE ETN,ETP,,2542B,Euronext Paris,False,2542B.PA
EASYETN GLOBAL NUCLEAR ETN,ETP,,3163B,Euronext Paris,False,3163B.PA
EASYETN ASIA DOMESTIC ETN,ETP,,3065B,Euronext Paris,False,3065B.PA
AM GLOB EQ QUALITY INC-ETF D,ETP,,SGQI,Euronext Paris,False,SGQI.PA
AMUNDI MSCI EMU ESG BROAD AC,ETP,,MFED,Euronext Paris,False,MFED.PA
AMI JAPAN TOPIX-D-HDG-EUR,ETP,,JPNH,Euronext Paris,False,JPNH.PA
VANG FTSE EM USDD,ETP,,VFEM,Euronext Paris,False,VFEM.PA
VANG FTSE AW USDD,ETP,,VWRL,Euronext Paris,False,VWRL.PA
VANG S&P500 USDD,ETP,,VUSA,Euronext Paris,False,VUSA.PA
VANG FTSE EUR EURD,ETP,,VEUR,Euronext Paris,False,VEUR.PA
VANG FTSEAPXJ USDD,ETP,,VAPX,Euronext Paris,False,VAPX.PA
VANG FTSE JPN USDD,ETP,,VJPN,Euronext Paris,False,VJPN.PA
VANG FTSE HDY USDD,ETP,,VHYL,Euronext Paris,False,VHYL.PA
BNP EASY EPRA EZ C,ETP,,EEA,Euronext Paris,False,EEA.PA
BNP EASY STOXX EUROPE 600 C,ETP,,ETZ,Euronext Paris,False,ETZ.PA
BNP EASY S&P 500 USD,ETP,,ESD,Euronext Paris,False,ESD.PA
BNP EASY S&P 500 EUR,ETP,,ESE,Euronext Paris,False,ESE.PA
AM CR SP500 SP ETF EUR H DIS,ETP,,SP5H,Euronext Paris,False,SP5H.PA
BNP P STOXX EUROPE 600 ETF,ETP,,ETZD,Euronext Paris,False,ETZD.PA
BNP P EA S&P 500 UCIT ETF-HC,ETP,,ESDD,Euronext Paris,False,ESDD.PA
AM S&P EU ZONE DVD AR SC-EA,ETP,,EUDIV,Euronext Paris,False,EUDIV.PA
AM MSCI W SPII ETF EUR H DIS,ETP,,WLDH,Euronext Paris,False,WLDH.PA
LYXOR ETF EASTERN EUROPE,ETP,,LYXCECD,Euronext Paris,False,LYXCECD.PA
AMUNDI PEA S&P US INDUSTRIAL,ETP,,PDJE,Euronext Paris,True,PDJE.PA
AMN PEA S&P 500 UCTS ETF-CAP,ETP,,PSP5,Euronext Paris,True,PSP5.PA
AM PEA NASDQ-100 UCITS ETF-C,ETP,,PUST,Euronext Paris,True,PUST.PA
AM PE MSCI EME ESG TRN ETF-E,ETP,,PLEM,Euronext Paris,False,PLEM.PA
AM PEA INDE MS IND UCT ETF-E,ETP,,PINR,Euronext Paris,True,PINR.PA
AMUNDI PEA EAU (MSCI WATER),ETP,,AWAT,Euronext Paris,True,AWAT.PA
INVESCO FTSE RAFI ALL WORLD,ETP,,PSRW,Euronext Paris,False,PSRW.PA
AM P AP M AC AP EX JAP ETF-C,ETP,,PAEJ,Euronext Paris,False,PAEJ.PA
AMU PEA CH MSC CH SCR UC-AEU,ETP,,PASI,Euronext Paris,True,PASI.PA
AM P IM EU FTS EP/NA U ETF-C,ETP,,PMEH,Euronext Paris,False,PMEH.PA
AMUNDI MSCI CHINA A UCITS ET,ETP,,CNAA,Euronext Paris,False,CNAA.PA
INVESCO GLOB BUYBACK ACHIEVE,ETP,,BUYB,Euronext Paris,False,BUYB.PA
SS SPDR RUSSELL 2000 US SMAL,ETP,,R2US,Euronext Paris,False,R2US.PA
SS SPDR S&P 400 US MID CAP U,ETP,,SPY4,Euronext Paris,False,SPY4.PA
SS SPDR S&P 500 UCIT ETF-UHG,ETP,,SPY5,Euronext Paris,False,SPY5.PA
SS SPD BE HYB UCIT ETF-USD I,ETP,,JNKE,Euronext Paris,False,JNKE.PA
SPDR BLOOMBERG 0-3 YEAR EURO,ETP,,SEUC,Euronext Paris,False,SEUC.PA
SS SPB 1-3 YR EUR GOV BUC-EU,ETP,,GOVS,Euronext Paris,False,GOVS.PA
SS SPD S&P EUR DVD ARI UC-EI,ETP,,EUDV,Euronext Paris,False,EUDV.PA
OSSIAM SHLR BCLY CAPE ERP SV,ETP,,CAPE,Euronext Paris,False,CAPE.PA
AMND SMT OVRNGT RTR ETF-UEAE,ETP,,CSH2,Euronext Paris,False,CSH2.PA
AMUNDI EUR HY BOND ESG,ETP,,HYBB,Euronext Paris,False,HYBB.PA
OSSIAM ISTOXX EUR MIN VAR ID,ETP,,EUMVD,Euronext Paris,False,EUMVD.PA
INVESCO S&P 500 HDLV DIST,ETP,,HDLV,Euronext Paris,False,HDLV.PA
OSSIAM SHILLER BRLY CAPE EUR,ETP,,CAPU,Euronext Paris,False,CAPU.PA
BNP PAR EA EUSO 50 UC ET-ECC,ETP,,ETDD,Euronext Paris,False,ETDD.PA
BNP P EURO STOXX 50 UCITS,ETP,,ETBB,Euronext Paris,False,ETBB.PA
FIRST TRUST US EQY OPRTNTY,ETP,,FPXU,Euronext Paris,False,FPXU.PA
FIRST TRUST GLOBAL EQT INC,ETP,,FGBL,Euronext Paris,False,FGBL.PA
BNP PARIBAS RICI ENH WTI,ETP,,BRWT,Euronext Paris,False,BRWT.PA
BNP EASY S&P 500 EH,ETP,,ESEH,Euronext Paris,False,ESEH.PA
AM MSCI USA DLY -1X ETF-EACC,ETP,,DSP5,Euronext Paris,False,DSP5.PA
BNP EASY ENERGY & METAL ENH,ETP,,GSCU,Euronext Paris,False,GSCU.PA
AM EURO INFL EXP 2-10Y-ETF A,ETP,,INFL,Euronext Paris,False,INFL.PA
AM US INFLN EXP 10Y-ETF ACC,ETP,,INFU,Euronext Paris,False,INFU.PA
AM CORE S&P 500 SWAP ETF ACC,ETP,,SP5C,Euronext Paris,False,SP5C.PA
BNP PRBS ESY LOW VOL EUR-UEC,ETP,,EVOE,Euronext Paris,False,EVOE.PA
BNP PARBS EASY QULT EUR-UEUA,ETP,,EQUA,Euronext Paris,False,EQUA.PA
BNP PARIBS ESY VLU EUR-UEUAC,ETP,,EVAE,Euronext Paris,False,EVAE.PA
BNP EASY MSCI EMU ESG,ETP,,EEMU,Euronext Paris,False,EEMU.PA
BNP EASY MSCI EUROPE ESG,ETP,,EEUE,Euronext Paris,False,EEUE.PA
BNP EASY MSCI USA SRI U,ETP,,EKLD,Euronext Paris,False,EKLD.PA
BNP PRBS ESY ER SM CPS PB-EA,ETP,,EESM,Euronext Paris,False,EESM.PA
BNP EASY MSCI PACEX ESG,ETP,,EPEJ,Euronext Paris,False,EPEJ.PA
BNP EASY MSCI USA ESG,ETP,,ENAM,Euronext Paris,False,ENAM.PA
BNP EASY MSCI JAPAN ESG,ETP,,EJAP,Euronext Paris,False,EJAP.PA
BNP EASY MSCI WORLD SRI U,ETP,,EWRD,Euronext Paris,False,EWRD.PA
BNP EASY MSCI EM ESG,ETP,,EEMK,Euronext Paris,False,EEMK.PA
INVESCO FTSE EM H DIV LW VOL,ETP,,EMHD,Euronext Paris,False,EMHD.PA
AM CR FTSE 100 SP EUR H ACC,ETP,,100H,Euronext Paris,False,100H.PA
BNP PAR EASY MSC EMR SP,ETP,,EMSR,Euronext Paris,False,EMSR.PA
INVESCO US HYFA DIST,ETP,,HYFA,Euronext Paris,False,HYFA.PA
AMUNDI USD HI YLD CP BD ESG,ETP,,USHY,Euronext Paris,False,USHY.PA
AM FTSE EPRA NRIT GL ETF ACC,ETP,,EPRA,Euronext Paris,False,EPRA.PA
AM CORE MSCI EUROPE ETF ACC,ETP,,CEU2,Euronext Paris,False,CEU2.PA
AMUNDI CORE GLOBAL GOVERNMEN,ETP,,GGOV,Euronext Paris,False,GGOV.PA
AMUNDI EUR CORPORATE BOND ES,ETP,,ECRP,Euronext Paris,False,ECRP.PA
AM CORE EURO GOV BND ETF ACC,ETP,,EGOV,Euronext Paris,False,EGOV.PA
AM CR GLB AGRGTE BD ETF ACC,ETP,,GAGG,Euronext Paris,False,GAGG.PA
AMUNDI EUR CORPORATE BOND 1-,ETP,,EBBB,Euronext Paris,False,EBBB.PA
AM GL CORP BOND 1-5 C,ETP,,UBBB,Euronext Paris,False,UBBB.PA
BNP PRBS ESY LOW VOL EUR-UED,ETP,,VLED,Euronext Paris,False,VLED.PA
BNPP EASY LOW VOL US HEETF D,ETP,,VLUH,Euronext Paris,False,VLUH.PA
BNP PARBS EASY QULT EUR-UEUI,ETP,,QUED,Euronext Paris,False,QUED.PA
BNP PARIBS ESY VLU EUR-UEUIN,ETP,,VALD,Euronext Paris,False,VALD.PA
BNP EASY MSCI JAPAN ESG EH,ETP,,EJAH,Euronext Paris,False,EJAH.PA
BNP LOW VOLATILITY US ESG,ETP,,VLUU,Euronext Paris,False,VLUU.PA
BNP P ENERGY & METAL UCITS,ETP,,GSDE,Euronext Paris,False,GSDE.PA
AM GL AGG GREEN BOND-ETF A,ETP,,CLIM,Euronext Paris,False,CLIM.PA
AMUNDI MSCI USA MINVOL UCIT,ETP,,MIVU,Euronext Paris,False,MIVU.PA
AMUNDI GLBL INFRA UCITS ETF,ETP,,GINF,Euronext Paris,False,GINF.PA
BN PA EA JP T EG BI-UC ET EU,ETP,,JBEM,Euronext Paris,False,JBEM.PA
AM CR MSCI EMRG MRKT ETF ACC,ETP,,AEME,Euronext Paris,False,AEME.PA
INDEXIQ FACTORS SUST EUROPE,ETP,,IQEE,Euronext Paris,False,IQEE.PA
INDEXIQ FACTORS SUST JAPAN,ETP,,IQJP,Euronext Paris,False,IQJP.PA
INDEXIQ FACT SUST CORP EURO,ETP,,IQEC,Euronext Paris,False,IQEC.PA
BNP PARIBS ESY DVD EUR-UEURA,ETP,,EDEU,Euronext Paris,False,EDEU.PA
BNP EASY MSCI WORLD SRI D,ETP,,EMWE,Euronext Paris,False,EMWE.PA
BNP EASY ENERGY & METAL EH,ETP,,EMEH,Euronext Paris,False,EMEH.PA
BNP EASY MSCI USA SRI D,ETP,,EKUS,Euronext Paris,False,EKUS.PA
BNP EASY MSCI EM SRI D,ETP,,EISR,Euronext Paris,False,EISR.PA
AMUNDI GLOBAL GENDEREQUALITY,ETP,,ELLE,Euronext Paris,False,ELLE.PA
AM CR GL GV BD ETF EUR H ACC,ETP,,GOVH,Euronext Paris,False,GOVH.PA
AMUNDI INDEX MSCI WORLD DR D,ETP,,10AH,Euronext Paris,False,10AH.PA
AMUNDI MSCI EUR UCITS DR- D,ETP,,10AI,Euronext Paris,False,10AI.PA
AM CR MSCI EMS ETF EUR DIST,ETP,,AEMD,Euronext Paris,False,AEMD.PA
AMUNDI ETF FTSE EPRA GL UC D,ETP,,10AJ,Euronext Paris,False,10AJ.PA
AMUNDI MSCI NORTH AM UCITS D,ETP,,DNRA,Euronext Paris,False,DNRA.PA
AMUNDI JP MRG GBI GLOB GOV D,ETP,,10AK,Euronext Paris,False,10AK.PA
AMUNDI INDEX EURO CORP SRI,ETP,,DECR,Euronext Paris,False,DECR.PA
AMUNDI GLB AGG BOND INCOME,ETP,,10AM,Euronext Paris,False,10AM.PA
AM CR GLB A BD ETF USD H ACC,ETP,,GAHU,Euronext Paris,False,GAHU.PA
BNP PARIBAS EASY EUR PB-UEEI,ETP,,SRIE,Euronext Paris,False,SRIE.PA
BNP PAR EASY MSCI JAP SRI-UI,ETP,,SRIJ,Euronext Paris,False,SRIJ.PA
AMUNDI MSCI EUROPE EX SWITZE,ETP,,CS9,Euronext Paris,False,CS9.PA
AMUNDI MSCI EU ESG BROAD,ETP,,CEU,Euronext Paris,False,CEU.PA
AMUNDI MSCI NORDIC UCITS,ETP,,CN1,Euronext Paris,False,CN1.PA
AMUNDI MSCI EM ASIA UCITS,ETP,,AASU,Euronext Paris,False,AASU.PA
AMUNDI MSCI EM ASIA UCITS ET,ETP,,AASI,Euronext Paris,False,AASI.PA
AMUNDI MSCI EM LATIN AME ETF,ETP,,ALAU,Euronext Paris,False,ALAU.PA
AMUNDI MSCI EM LATIN AME ETF,ETP,,ALAT,Euronext Paris,False,ALAT.PA
AMUNDI ETF MSCI SWITZERLAND,ETP,,CSW,Euronext Paris,False,CSW.PA
AMUNDI ETF MSCI SWITZERLAND,ETP,,CSWC,Euronext Paris,False,CSWC.PA
AM S&P 500 SWAP ETF EUR ACC,ETP,,500,Euronext Paris,False,500.PA
AM S&P 500 SWAP ETF USD ACC,ETP,,500U,Euronext Paris,False,500U.PA
AM S&P 500 SWP ETF EUR H ACC,ETP,,500H,Euronext Paris,False,500H.PA
AMUNDI RUSSELL 2000 UCITS ET,ETP,,RS2K,Euronext Paris,False,RS2K.PA
AMUNDI RUSSELL 2000 UCITS ET,ETP,,RS2U,Euronext Paris,False,RS2U.PA
AMUNDI JPX-NIKKEI 400 UCITS,ETP,,JPNK,Euronext Paris,False,JPNK.PA
AMUNDI JPX-NIKKEI 400 UCITS,ETP,,JPNY,Euronext Paris,False,JPNY.PA
AMUNDI JPX-NIKKEI 400 UCITS,ETP,,JPHE,Euronext Paris,False,JPHE.PA
AMUNDI JPX-NIKKEI 400 UCITS,ETP,,JPHU,Euronext Paris,False,JPHU.PA
AMUNDI JPX-NIKKEI 400 UCITS,ETP,,JPHG,Euronext Paris,False,JPHG.PA
AMUNDI JPX-NK 400 HGD CH ETF,ETP,,JPHC,Euronext Paris,False,JPHC.PA
AMUNDI MSCI EURP QLT FCT ETF,ETP,,QCEU,Euronext Paris,False,QCEU.PA
AMUNDI MSCI EUROPE MOM FACT,ETP,,MCEU,Euronext Paris,False,MCEU.PA
AM EURO LR IG GOV BD ETF ACC,ETP,,X1G,Euronext Paris,False,X1G.PA
AMUNDI EURO GOV TILT GRN BON,ETP,,CB3,Euronext Paris,False,CB3.PA
AM EURO LR IG GV BD ETF DIST,ETP,,X1GD,Euronext Paris,False,X1GD.PA
AM EURO LR IG GV BD 1-3Y ACC,ETP,,X13G,Euronext Paris,False,X13G.PA
AMUNDI EUR CORP BOND EUR C,ETP,,CC4,Euronext Paris,False,CC4.PA
AMUNDI EURO HIGH YIELD BOND,ETP,,AHYE,Euronext Paris,False,AHYE.PA
AMUNDI EUR FLOAT RATE CORP B,ETP,,AFRN,Euronext Paris,False,AFRN.PA
AMUNDI USD FLOATING RATE COR,ETP,,AFLT,Euronext Paris,False,AFLT.PA
AMUNDI FLOAT RATE USD CP-C,ETP,,AFLE,Euronext Paris,False,AFLE.PA
AM MSCI WORLD SP ETF USD ACC,ETP,,CW8U,Euronext Paris,False,CW8U.PA
AM MSCI WORLD SP ETF EUR ACC,ETP,,CW8,Euronext Paris,False,CW8.PA
AMUNDI STOXX EUROPE 600 ESG,ETP,,C6E,Euronext Paris,False,C6E.PA
AMUNDI  MSCI WORLD EX EUR,ETP,,CE8,Euronext Paris,False,CE8.PA
AM MSCI EMS SWAP ETF EUR ACC,ETP,,AEEM,Euronext Paris,False,AEEM.PA
AM MSCI EMS SWAP ETF USD ACC,ETP,,AUEM,Euronext Paris,False,AUEM.PA
AMUNDI JAPTPIX EUR H,ETP,,TPXH,Euronext Paris,False,TPXH.PA
AMUNDI JAP TOPIX UC-EUR,ETP,,TPXE,Euronext Paris,False,TPXE.PA
AMUNDI JAP TOPIX UC-JPY,ETP,,TPXY,Euronext Paris,False,TPXY.PA
AMUNDI JAP TOPIX UC-USD,ETP,,TPHU,Euronext Paris,False,TPHU.PA
AMUNDI JAP TOPIX UC-GBP,ETP,,TPHG,Euronext Paris,False,TPHG.PA
AMUNDI JAP TOPIX UC-CHF,ETP,,TPHC,Euronext Paris,False,TPHC.PA
AMUN MC TECH UCITS ETF-EUR C,ETP,,CC1,Euronext Paris,False,CC1.PA
AMUN MC T ESG UCIT ETF-USD C,ETP,,CC1U,Euronext Paris,False,CC1U.PA
AMUNDI MSCI ERP VALUE FACTOR,ETP,,CV9,Euronext Paris,False,CV9.PA
AM MSCI IN SP II ETF EUR ACC,ETP,,CI2,Euronext Paris,False,CI2.PA
AM MSCI IN SP II ETF USD ACC,ETP,,CI2U,Euronext Paris,False,CI2U.PA
AMUNDI PEA MSCI USA ESG SEL,ETP,,CU2,Euronext Paris,True,CU2.PA
AMU PE MS US ES SE UC ET-USD,ETP,,CU2U,Euronext Paris,False,CU2U.PA
AM NASDAQ-100 SP ETF EUR ACC,ETP,,ANX,Euronext Paris,False,ANX.PA
AM NASDAQ-100 SP ETF USD ACC,ETP,,ANXU,Euronext Paris,False,ANXU.PA
AM NSDQ-100 SP ETF EUR H ACC,ETP,,NDXH,Euronext Paris,False,NDXH.PA
AMUNDI MSCI EE XR-USD,ETP,,CE9U,Euronext Paris,False,CE9U.PA
AMUNDI MSCI WRLD EX EUR,ETP,,CE8USD,Euronext Paris,False,CE8USD.PA
AM USD EMS GOV BOND ETF ACC,ETP,,AGEB,Euronext Paris,False,AGEB.PA
AM EURO GV BND HR IG ETF ACC,ETP,,AM3A,Euronext Paris,False,AM3A.PA
AM USD CORP BOND ESG C,ETP,,UCRP,Euronext Paris,False,UCRP.PA
AMUNDI MSCI ERP HI DIV-C,ETP,,CD9,Euronext Paris,False,CD9.PA
AMUNDI S&P 500 BUYBACK,ETP,,BYBE,Euronext Paris,False,BYBE.PA
AM GLOBAL LUXURY ETF EUR ACC,ETP,,GLUX,Euronext Paris,False,GLUX.PA
AMUNDI S&P 500 BUYBACK,ETP,,BYBU,Euronext Paris,False,BYBU.PA
AM GLOBAL LUXURY ETF USD ACC,ETP,,LUXU,Euronext Paris,False,LUXU.PA
AMUNDI CAC 40 ESG UCITS E-UE,ETP,,C40,Euronext Paris,False,C40.PA
AMUNDI CAC 40 ESG UCITS E-UE,ETP,,C4D,Euronext Paris,False,C4D.PA
AM CR EUR STX 50 ETF EUR ACC,ETP,,C50,Euronext Paris,False,C50.PA
AM CR EURO ST 50 ETF EUR DIS,ETP,,CD5,Euronext Paris,False,CD5.PA
AM CR EUR STX 50 ETF USD ACC,ETP,,C50U,Euronext Paris,False,C50U.PA
AMUNDI MSCI EMU ESG SELECT,ETP,,CMU,Euronext Paris,False,CMU.PA
AMUNDI ID MSCI JPN ESG BROAD,ETP,,CJ1,Euronext Paris,False,CJ1.PA
AMUNDI MSCI PAC EXJ SRI PA-C,ETP,,CP9,Euronext Paris,False,CP9.PA
AMUNDI MSCI PAC EXJ SRI PA-C,ETP,,CP9U,Euronext Paris,False,CP9U.PA
AMUNDI FTSE EPRA EUR RL EST,ETP,,EPRE,Euronext Paris,False,EPRE.PA
AMUND ITALY MIB ESG UC E-UEA,ETP,,FMI,Euronext Paris,False,FMI.PA
AMUN GL BIO UCIT ETF-EUR C,ETP,,CWE,Euronext Paris,False,CWE.PA
AMUNDI MSCI EUROPE GROWTH,ETP,,CG9,Euronext Paris,False,CG9.PA
AMUN GL B ESG UCIT ETF-USD C,ETP,,CWEU,Euronext Paris,False,CWEU.PA
AMUNDI MS R&AI ESG UCITS ETF,ETP,,GOAI,Euronext Paris,False,GOAI.PA
AMUNDI MSCI EUROPE SRI P-A,ETP,,EUSRI,Euronext Paris,False,EUSRI.PA
BNP EASY MSCI EM SRI C,ETP,,EMIS,Euronext Paris,False,EMIS.PA
AM EUR CO BD CPA ETF A,ETP,,CRP,Euronext Paris,False,CRP.PA
AMUNDI EUR CORPORATE BOND EX,ETP,,CNB,Euronext Paris,False,CNB.PA
AM US T BOND LONG D-ETF ACC,ETP,,US10,Euronext Paris,False,US10.PA
AMUNDI EURO HY CORP BND ESGI,ETP,,YIEL,Euronext Paris,False,YIEL.PA
AM EURO STOXX BANKS-ETF ACC,ETP,,BNKE,Euronext Paris,False,BNKE.PA
AM EU HR M-W G BD 1-3Y-ETF A,ETP,,MA13,Euronext Paris,False,MA13.PA
AM EU HR M-W G BD 3-5Y-ETF A,ETP,,MA35,Euronext Paris,False,MA35.PA
AMUNDI EUR GOV BOND 25+Y ACC,ETP,,MTH,Euronext Paris,False,MTH.PA
AM MSCI ALL C WRLD-ETF E ACC,ETP,,ACWI,Euronext Paris,False,ACWI.PA
AMUNDI FTSE EPRA EUR RL EST,ETP,,MEH,Euronext Paris,False,MEH.PA
AM PEA S&P 500 U ETF-D HDG E,ETP,,PSPH,Euronext Paris,True,PSPH.PA
AMUNDI PEA EURO COURT TERME,ETP,,OBLI,Euronext Paris,True,OBLI.PA
AM I MSCI EM M SRI CPA,ETP,,EMSRI,Euronext Paris,False,EMSRI.PA
AMUNDI FLOT R EUR COR 1-3,ETP,,AFRHG,Euronext Paris,False,AFRHG.PA
AMUNDI FLOT R EUR COR 1-3,ETP,,AFRHU,Euronext Paris,False,AFRHU.PA
BNP PARIBAS EASY EUR CORP-UA,ETP,,SRIC,Euronext Paris,False,SRIC.PA
AM CR NASDAQ-100 SWP ETF ACC,ETP,,UST,Euronext Paris,False,UST.PA
AMUNDI EURSTX600 TECHNLG,ETP,,TNO,Euronext Paris,False,TNO.PA
AMUNDI EURSTX600 TELECOM,ETP,,TELE,Euronext Paris,False,TELE.PA
AMUNDI EURSTX600 UTILITIES,ETP,,UTI,Euronext Paris,False,UTI.PA
AMUNDI STX600 CONS STAPL ACC,ETP,,FOO,Euronext Paris,False,FOO.PA
AMUNDI EURSTX600 HEALTHCARE,ETP,,HLT,Euronext Paris,False,HLT.PA
AMUNDI STOXX EUROPE 600 ENER,ETP,,ENRG,Euronext Paris,False,ENRG.PA
AMUNDI EURSTX600 BANKS,ETP,,BNK,Euronext Paris,False,BNK.PA
AMUNDI STX600 BASIC RSRCES,ETP,,BRES,Euronext Paris,False,BRES.PA
AMUNDI PRI GBL UCITS ETF DR,ETP,,PR1W,Euronext Paris,False,PR1W.PA
AMUNDI CAC 40,ETP,,CACC,Euronext Paris,False,CACC.PA
AMUNDI STX EUR600 CODIS ACC,ETP,,TRV,Euronext Paris,False,TRV.PA
AMUNDI STX600 INDUSTRIAL ACC,ETP,,IND,Euronext Paris,False,IND.PA
AMUNDI EURSTX600 INSURANCE,ETP,,INS,Euronext Paris,False,INS.PA
AMUNDI STX600 BASIC MATE ACC,ETP,,CHM,Euronext Paris,False,CHM.PA
AM MSCI CH ESG SEL EX-ETF A,ETP,,ASI,Euronext Paris,False,ASI.PA
AM BB EQ-W COM EX-AGRI-ETF A,ETP,,COMO,Euronext Paris,False,COMO.PA
AM MSCI AC APAC EX JPN-ETF A,ETP,,AEJ,Euronext Paris,False,AEJ.PA
AMUNDI MSCI KOREA-ETF A,ETP,,KRW,Euronext Paris,False,KRW.PA
AMUNDI MSCI SEMICONDUCTORS E,ETP,,CHIP,Euronext Paris,False,CHIP.PA
AM MSCI AC ASIA EX JPN-ETF A,ETP,,APX,Euronext Paris,False,APX.PA
AM MSCI EU ESG SEL -ETF A,ETP,,ESGE,Euronext Paris,False,ESGE.PA
AM MSCI EAST EUR EX RU-ETF A,ETP,,CEC,Euronext Paris,False,CEC.PA
AMUNDI MSCI TURKEY-ETF A,ETP,,TUR,Euronext Paris,False,TUR.PA
AMUNDI MSCI BRAZIL-ETF ACC,ETP,,RIO,Euronext Paris,False,RIO.PA
AMUNDI MSCI INDONESIA-ETF A,ETP,,INDO,Euronext Paris,False,INDO.PA
BNP PARIBAS EASY EUR PB-UEUA,ETP,,SRIEC,Euronext Paris,False,SRIEC.PA
BNP PAR EASY MSCI JAP SRI-UA,ETP,,SRIJC,Euronext Paris,False,SRIJC.PA
BNP EASY MSCI USA SRI C,ETP,,EKLDC,Euronext Paris,False,EKLDC.PA
SPDR S&P 500 LOW VOLATILITY,ETP,,LOWV,Euronext Paris,False,LOWV.PA
AM PEA MSCI EUROPE U ETF ACC,ETP,,PCEU,Euronext Paris,True,PCEU.PA
AMUNDI PEA S&P 500 SC UCITS,ETP,,PE500,Euronext Paris,True,PE500.PA
AMD PE S&P500 SCR UC ETF-EHA,ETP,,P500H,Euronext Paris,False,P500H.PA
AMUNDI PEA US TECH SC UCITS,ETP,,PANX,Euronext Paris,True,PANX.PA
AM PEA MSCI EM ESG TRN ETF-E,ETP,,PAEEM,Euronext Paris,True,PAEEM.PA
AM PEA MSCI EM AS SCR ETF-EA,ETP,,PAASI,Euronext Paris,True,PAASI.PA
AM PEA MSCI EM LTN AM ETF-EA,ETP,,PALAT,Euronext Paris,True,PALAT.PA
AM PEA JP TOPIX ETF EUR ACC,ETP,,PTPXE,Euronext Paris,True,PTPXE.PA
AM PEA JP TOPIX ETF EUR H AC,ETP,,PTPXH,Euronext Paris,True,PTPXH.PA
BNPEASY CIRCULAR ECONOMY ETF,ETP,,REUSE,Euronext Paris,True,REUSE.PA
AMUNDI PHYSICAL GOLD ETC,ETP,,GOLD,Euronext Paris,False,GOLD.PA
AM EUR CORP BOND 0-3 C,ETP,,ECRP3,Euronext Paris,False,ECRP3.PA
AM CR USD CORP BOND ETF ACC,ETP,,PR1P,Euronext Paris,False,PR1P.PA
AM US CURV STEEP 2-10Y-ETF A,ETP,,STPU,Euronext Paris,False,STPU.PA
AMUNDI MSCI SMART CITIES,ETP,,SCITY,Euronext Paris,False,SCITY.PA
BNPP ESY CBP PAB1-3Y UCS-EEI,ETP,,SRIC3,Euronext Paris,False,SRIC3.PA
BNP PARIBAS EASY EUR CORP-UI,ETP,,SRIC5,Euronext Paris,False,SRIC5.PA
BNP EASY EPRA EUR GREEN CTB,ETP,,GREAL,Euronext Paris,False,GREAL.PA
BNP PAR EAS MSCI EMU SRI-EUR,ETP,,MUSRI,Euronext Paris,False,MUSRI.PA
AM MS EM ES SL-UC ET DR-DEUR,ETP,,CMUD,Euronext Paris,False,CMUD.PA
AMUNDI MSCI EMER MKT SRI P-D,ETP,,MSDU,Euronext Paris,False,MSDU.PA
AMUNDI PRIME EUROPE UCITS C,ETP,,PRAE,Euronext Paris,False,PRAE.PA
AMUNDI PRIME EURZONE UCITS C,ETP,,PRAZ,Euronext Paris,False,PRAZ.PA
AMUNDI PRIME JAPAN UCITS C,ETP,,PRAJ,Euronext Paris,False,PRAJ.PA
AMUNDI PRIME USA UCITS C,ETP,,PRAU,Euronext Paris,False,PRAU.PA
AM CR EUR CORP BOND ETF ACC,ETP,,PRAC,Euronext Paris,False,PRAC.PA
AMUNDI PRI GLB GOV B ETF-ACC,ETP,,PRAG,Euronext Paris,False,PRAG.PA
AMU CR US TRE BD UCI ETF-DUA,ETP,,PRAS,Euronext Paris,False,PRAS.PA
AMUNDI USD CORPORATE BOND-C,ETP,,PRAP,Euronext Paris,False,PRAP.PA
AM MSCI WORLD ESG UNI SELECT,ETP,,SBIW,Euronext Paris,False,SBIW.PA
AM MSCI USA ESG UNIV SELECT,ETP,,SBIU,Euronext Paris,False,SBIU.PA
AM MSCI EURP ESG UNIV SELECT,ETP,,SBIE,Euronext Paris,False,SBIE.PA
AM MSCI EMU ESG UNIV SELECT,ETP,,SBIZ,Euronext Paris,False,SBIZ.PA
AM MSCI WRLD ESG LEAD SELECT,ETP,,SADW,Euronext Paris,False,SADW.PA
AMUN MSCI EMU CPA,ETP,,EESG,Euronext Paris,False,EESG.PA
SS SP MSCI JAP UCI ETF-JP UH,ETP,,JPJY,Euronext Paris,False,JPJY.PA
AMUNDI MSCI DIGITAL ECONOMY,ETP,,EBUY,Euronext Paris,False,EBUY.PA
AMUD MSCI SMR MBLTY UCITS-UA,ETP,,ELCR,Euronext Paris,False,ELCR.PA
AMUNDI MSCI DISRUPT TECH ESG,ETP,,UNIC,Euronext Paris,False,UNIC.PA
AMUNDI MSCI MILLENIALS ESG,ETP,,MILL,Euronext Paris,False,MILL.PA
WT BRENT CRUDE OIL,ETP,,BRNT,Euronext Paris,False,BRNT.PA
AMUNDI MSCI USA SRI PAB-B,ETP,,USRIH,Euronext Paris,False,USRIH.PA
AM CR MSCI EMU UCITS ETF ACC,ETP,,MFEC,Euronext Paris,False,MFEC.PA
AM MSCI EM ESG SELECT,ETP,,SADM,Euronext Paris,False,SADM.PA
AMUNDI MSCI EUR CPA BROAD,ETP,,LWCE,Euronext Paris,False,LWCE.PA
AMD MSCI EMU CLI PA ETF-ACC,ETP,,PABZ,Euronext Paris,False,PABZ.PA
HSBC USA SCREENED EQUITY ETF,ETP,,HSUD,Euronext Paris,False,HSUD.PA
AMUNDI US TREASURY BOND 0-1Y,ETP,,PR1T,Euronext Paris,False,PR1T.PA
AM EURO AGG BOND C,ETP,,EGRI,Euronext Paris,False,EGRI.PA
AM PRIM UK MID AND SMALL CAP,ETP,,PRUK,Euronext Paris,False,PRUK.PA
AM S&P EZONE CPA AM-ETF A,ETP,,EPAB,Euronext Paris,False,EPAB.PA
AM US TREAS BOND 0-1Y EURH,ETP,,PR1H,Euronext Paris,False,PR1H.PA
AM US TREAS BOND 0-1Y MXNH,ETP,,PR1TX,Euronext Paris,False,PR1TX.PA
BNP EASY BLUE ECONOMY ESG,ETP,,BLUE,Euronext Paris,False,BLUE.PA
HSBC EM SCREEND EQUITY ETF,ETP,,HSEM,Euronext Paris,False,HSEM.PA
AMUN MSCI JAPAN SRI PAB,ETP,,JARI,Euronext Paris,False,JARI.PA
AM PRI EU GO BD 0-1Y ETF-DRC,ETP,,PRAB,Euronext Paris,False,PRAB.PA
AM MSCI USA ESG LEAD SLCT HE,ETP,,SADH,Euronext Paris,False,SADH.PA
HSBC UK SCREENED EQUITY ETF,ETP,,HSUK,Euronext Paris,False,HSUK.PA
AM DAX 50 ESG UCITS ETF DR,ETP,,DECD,Euronext Paris,False,DECD.PA
HSBC HANG SENG TECH UCITS ET,ETP,,HSTE,Euronext Paris,False,HSTE.PA
AM MSC JP SR CLMT PA-UC EUHA,ETP,,JPXH,Euronext Paris,False,JPXH.PA
BNPP ESY JPM EM GD CMP-UE UA,ETP,,EMBI,Euronext Paris,False,EMBI.PA
BNPP ESY JP EM GD CM-UE H EA,ETP,,EMBH,Euronext Paris,False,EMBH.PA
BNP PARIB EASY JPM TILTED-UC,ETP,,GEMU,Euronext Paris,False,GEMU.PA
AM MSCI EM ETF DR USD D,ETP,,AEMU,Euronext Paris,False,AEMU.PA
BNP EASY EUR HY SRI,ETP,,HYSRI,Euronext Paris,False,HYSRI.PA
BNP EASY EUR HY SRI D,ETP,,HSRID,Euronext Paris,False,HSRID.PA
AMUNDI US CORP SRI DR EUR HE,ETP,,UCRH,Euronext Paris,False,UCRH.PA
AMUNDI EURO CORP CLIMATE PAB,ETP,,PABC,Euronext Paris,False,PABC.PA
AM EUR CORP B 0-1Y ESG - C,ETP,,ECR1,Euronext Paris,False,ECR1.PA
AMUN MSCI JAPAN ESG BR CTB,ETP,,JUPI,Euronext Paris,False,JUPI.PA
AM MSCI WORLD FIN-ETF E ACC,ETP,,FINSW,Euronext Paris,False,FINSW.PA
AMUNDI MSCI ER ESG SLC-H EUR,ETP,,ESGH,Euronext Paris,False,ESGH.PA
AMI MI NEY ESG SR UCTS ETF-A,ETP,,NRJC,Euronext Paris,False,NRJC.PA
WISDOMTREE PHYSICAL BITCOIN,ETP,,WBTC,Euronext Paris,False,WBTC.PA
WISDOMTREE PHYSICAL ETHEREUM,ETP,,WETH,Euronext Paris,False,WETH.PA
21SHARES BITCOIN SINGLE,ETP,,ABTC,Euronext Paris,False,ABTC.PA
21SHARES ETHEREUM STAKING ET,ETP,,AETH,Euronext Paris,False,AETH.PA
21SHARES SHORT BITCOIN ETP,ETP,,SBTC,Euronext Paris,False,SBTC.PA
VANECK ETHEREUM ETN,ETP,,VETH,Euronext Paris,False,VETH.PA
VANECK BITCOIN ETN,ETP,,VBTC,Euronext Paris,False,VBTC.PA
BITWISE PHYSICAL ETH ETP,ETP,,ZETH,Euronext Paris,False,ZETH.PA
BITWISE PHYSICAL BITCOIN ETP,ETP,,BTCE,Euronext Paris,False,BTCE.PA
DDA PHYSICAL BITCOIN ETP,ETP,,XBTI,Euronext Paris,False,XBTI.PA
AM INDEX US GOV INFL BOND,ETP,,UIFH,Euronext Paris,False,UIFH.PA
AM US TREASURY 7-10 HEDG ETF,ETP,,7USH,Euronext Paris,False,7USH.PA
AM IND EUR CORP SRI 0-3 MXN,ETP,,ECRHX,Euronext Paris,False,ECRHX.PA
COINSHARES BITCOIN ETP,ETP,,BITC,Euronext Paris,False,BITC.PA
COINSHARES ETHEREUM STAK ETP,ETP,,CETH,Euronext Paris,False,CETH.PA
AM MSCI W SPII ETF EUR H ACC,ETP,,WLDHC,Euronext Paris,False,WLDHC.PA
BNP EASY EU GROWTH,ETP,,EGRO,Euronext Paris,False,EGRO.PA
BNP EASY LW CARBON WD PAB,ETP,,LCWLD,Euronext Paris,False,LCWLD.PA
AMUNDI GLB AGG BOND HDG GBP,ETP,,AGHG,Euronext Paris,False,AGHG.PA
AMUNDI JP MRG GBI GL GV-GBPH,ETP,,GOVG,Euronext Paris,False,GOVG.PA
AM EURO GOV GREEN BD-ETF A,ETP,,ERTH,Euronext Paris,False,ERTH.PA
BNP EASY MSCI CHINA ESG U,ETP,,CHINU,Euronext Paris,False,CHINU.PA
BNP EASY MSCI CHINA ESG E,ETP,,CHINE,Euronext Paris,False,CHINE.PA
AMUN MSCI EM ASIA SRI CPA,ETP,,SADA,Euronext Paris,False,SADA.PA
AM PRIME EM MARKETS DR C,ETP,,PRAM,Euronext Paris,False,PRAM.PA
AMDI CORP PROC BOND-ETF ACC,ETP,,PLAN,Euronext Paris,False,PLAN.PA
AMUNDI MSCI UK IMI SRI PAB-D,ETP,,CUIK,Euronext Paris,False,CUIK.PA
AM MSCI WORLD UMW ETF DR,ETP,,PABV,Euronext Paris,False,PABV.PA
AM S&P EU ZONE DVD AR SC-EA,ETP,,EDIV,Euronext Paris,False,EDIV.PA
LYXOR US TREASURY 7-10Y DR-H,ETP,,U710H,Euronext Paris,False,U710H.PA
AMUNDI US TREASURY BOND 1-3Y,ETP,,U13HK,Euronext Paris,False,U13HK.PA
AM UST BD LG DT-ETF HK HD,ETP,,U10HK,Euronext Paris,False,U10HK.PA
21SHARES SOLANA STAKING ETP,ETP,,ASOL,Euronext Paris,False,ASOL.PA
21SHARES POLKADOT ETP,ETP,,ADOT,Euronext Paris,False,ADOT.PA
VANECK SOLANA ETN,ETP,,VSOL,Euronext Paris,False,VSOL.PA
VANECK TRON ETN,ETP,,VTRX,Euronext Paris,False,VTRX.PA
VANECK POLKADOT ETN,ETP,,VDOT,Euronext Paris,False,VDOT.PA
AM US TREAS BOND 0-1Y MXNH2,ETP,,PR1MX,Euronext Paris,False,PR1MX.PA
AMUN MSCI EMU SRI GBP-C,ETP,,EAHG,Euronext Paris,False,EAHG.PA
21SHARES BINANCE COIN ETP,ETP,,BNBA,Euronext Paris,False,BNBA.PA
21SHARES XRP ETP,ETP,,AXRP,Euronext Paris,False,AXRP.PA
21SHARES TEZOS ETP,ETP,,AXTZ,Euronext Paris,False,AXTZ.PA
21SHARES STELLAR ETP,ETP,,AXLM,Euronext Paris,False,AXLM.PA
21SHARES BITCOIN CASH ETP,ETP,,ABCH,Euronext Paris,False,ABCH.PA
AM MSCI CH ESG SELECT C,ETP,,CNEG,Euronext Paris,False,CNEG.PA
AM MSCI EX CHINA ESG SELECT,ETP,,EMXU,Euronext Paris,False,EMXU.PA
MELANION BTC EQUIT UCITS ETF,ETP,,BTC,Euronext Paris,False,BTC.PA
AMUNDI MSCI EUROPE SRI P-D,ETP,,ACU7,Euronext Paris,False,ACU7.PA
AMUNDI MSCI EMER MKT SRI P-D,ETP,,ACUG,Euronext Paris,False,ACUG.PA
BITWISE PHYSCL LITECOIN ETP,ETP,,ELTC,Euronext Paris,False,ELTC.PA
AMUNDI S&P 500 ETF USD D,ETP,,500D,Euronext Paris,False,500D.PA
AM GL CORP SRI 1-5 Y H GBP C,ETP,,GCSG,Euronext Paris,False,GCSG.PA
ISHARES SMART CITY INFR USDA,ETP,,CITY,Euronext Paris,False,CITY.PA
WISDOMTREE PHYSICAL CRYPTO M,ETP,,MEGA,Euronext Paris,False,MEGA.PA
WISDOMTREE PHY CRPT MEGA CAP,ETP,,BLOC,Euronext Paris,False,BLOC.PA
WISDOMTREE PHYSICAL CRYPTO A,ETP,,ALTC,Euronext Paris,False,ALTC.PA
21SHARES POLYGON ETP,ETP,,POLY,Euronext Paris,False,POLY.PA
AMUNDI MSCI PAC EXJ SRI PA-D,ETP,,APXJ,Euronext Paris,False,APXJ.PA
EMQQ EMERGING MI UCITS ETF,ETP,,EMQQ,Euronext Paris,False,EMQQ.PA
HAN-GINS TECH MEGATREND EQL,ETP,,ITEK,Euronext Paris,False,ITEK.PA
HARBOR HEALTH CARE UCITS ETF,ETP,,WELL,Euronext Paris,False,WELL.PA
SATURNA AL-KAWTHAR GLB FOCUS,ETP,,AMAL,Euronext Paris,False,AMAL.PA
GUINNESS SUST EN UC ETF AC G,ETP,,CLMA,Euronext Paris,False,CLMA.PA
US GLOBAL INVESTORS TRAVEL U,ETP,,TRYP,Euronext Paris,False,TRYP.PA
SATURNA HAN SUSTAINABLE ETF,ETP,,SATU,Euronext Paris,False,SATU.PA
GD MIN SCRN UCITS ETF A-AESC,ETP,,ESGO,Euronext Paris,False,ESGO.PA
VALOUR BITCOIN ZERO,ETP,,BTC0,Euronext Paris,False,BTC0.PA
VALOUR ETHEREUM ZERO,ETP,,ETH0,Euronext Paris,False,ETH0.PA
VALOUR POLKADOT,ETP,,DOTVA,Euronext Paris,False,DOTVA.PA
VALOUR SOLANA,ETP,,SOLVA,Euronext Paris,False,SOLVA.PA
FMQQ NEXT FRONTIER ETF ACC,ETP,,FMQQ,Euronext Paris,False,FMQQ.PA
BNP P E JS GS SI EB-UC ET EU,ETP,,GSSBD,Euronext Paris,False,GSSBD.PA
BNP P E JS GS SI EB-UC ET EU,ETP,,GSSBO,Euronext Paris,False,GSSBO.PA
HSBC BBG G ESG AG 1-3 BD ETF,ETP,,HAGG,Euronext Paris,False,HAGG.PA
21SHARES AVALANCHE STAKI ETP,ETP,,AVAX,Euronext Paris,False,AVAX.PA
TRM RSPNBY SRCD PHY GOLD ETC,ETP,,RMAU,Euronext Paris,False,RMAU.PA
21SHARES CRYPTO BASKET EQUAL,ETP,,HODLV,Euronext Paris,False,HODLV.PA
21SHARES CRYPTO BASKET ETP,ETP,,HODL,Euronext Paris,False,HODL.PA
21SHARES CARDANO ETP,ETP,,AADA,Euronext Paris,False,AADA.PA
21SH CRYTO BAK 10 CR ETP,ETP,,HODLX,Euronext Paris,False,HODLX.PA
21SHARES CRYPTO MCAP IDX ETP,ETP,,ALTS,Euronext Paris,False,ALTS.PA
21SHARES ALGORAND ETP USD,ETP,,ALGO,Euronext Paris,False,ALGO.PA
ISHARES MSCI GLB SEMICNDCT A,ETP,,SEME,Euronext Paris,False,SEME.PA
ISHARES CHINA CNY BOND USD-A,ETP,,CYEA,Euronext Paris,False,CYEA.PA
21SHARES UNISWAP ETP,ETP,,AUNI,Euronext Paris,False,AUNI.PA
21SHARES CHAINLINK ETP,ETP,,ALINK,Euronext Paris,False,ALINK.PA
ISHARES MSCI USA MMENTM ACC,ETP,,IUMP,Euronext Paris,False,IUMP.PA
21SHARES DECENTRALAND ETP,ETP,,MANA,Euronext Paris,False,MANA.PA
21SHARES AAVE ETP,ETP,,AAVE,Euronext Paris,False,AAVE.PA
ISHAR GL CL EN TR UCI ETF-US,ETP,,INRE,Euronext Paris,False,INRE.PA
BNP PARIBAS EASY EUR CORP-UI,ETP,,SRICD,Euronext Paris,False,SRICD.PA
AMUNDI MSCI AC FE EX JAPN-US,ETP,,ACUV,Euronext Paris,False,ACUV.PA
AMUNDI INDEX EURO AGG SRI D,ETP,,9E0E,Euronext Paris,False,9E0E.PA
AM GLOBAL AGG B H EUR,ETP,,8OUV,Euronext Paris,False,8OUV.PA
BNP HYDROGEN ECONOMY ETF,ETP,,HYDRO,Euronext Paris,False,HYDRO.PA
AMINA BITCOIN ETP,ETP,,SBTCU,Euronext Paris,False,SBTCU.PA
AMINA CRYPTO ASS SEL IND ETP,ETP,,SEBAX,Euronext Paris,False,SEBAX.PA
AMINA ETHEREUM ETP,ETP,,SETH,Euronext Paris,False,SETH.PA
AMINA POLKADOT ETP,ETP,,SDOT,Euronext Paris,False,SDOT.PA
WISDOMTREE PHYSICAL CARDANO,ETP,,ADAW,Euronext Paris,False,ADAW.PA
WISDOMTREE PHYSICAL POLKADOT,ETP,,DOTW,Euronext Paris,False,DOTW.PA
WISDOMTREE PHYSICAL SOLANA,ETP,,SOLW,Euronext Paris,False,SOLW.PA
21SHARES COSMOS STAKING ETP,ETP,,ATOM,Euronext Paris,False,ATOM.PA
VALOUR CARDANO,ETP,,ADAVE,Euronext Paris,False,ADAVE.PA
AMUNDI  US TR B 0-1 Y HSGD C,ETP,,0NS,Euronext Paris,False,0NS.PA
DDA PHYSICAL EOS ETP,ETP,,IEOS,Euronext Paris,False,IEOS.PA
21SHARES THE SANDBOX ETP,ETP,,ASAND,Euronext Paris,False,ASAND.PA
BITPANDA ETHER ETC,ETP,,KETH,Euronext Paris,False,KETH.PA
BITPANDA SOLANA ETC,ETP,,TSOL,Euronext Paris,False,TSOL.PA
BITPANDA POLKADOT ETC,ETP,,TDOT,Euronext Paris,False,TDOT.PA
BITPANDA CARDANO ETC,ETP,,YADA,Euronext Paris,False,YADA.PA
AM I MSCI PAC EX J SRI PAB D,ETP,,MPXG,Euronext Paris,False,MPXG.PA
AM I MSCI EM M SRI PAB G D,ETP,,AMEG,Euronext Paris,False,AMEG.PA
21SHARES BITCOIN GOLD ETP,ETP,,BOLD,Euronext Paris,False,BOLD.PA
AMUNDI JP MRG GBI GLOB H USD,ETP,,AHYA,Euronext Paris,False,AHYA.PA
AMUNDI GLOBAL AGG SRI C H US,ETP,,AHYB,Euronext Paris,False,AHYB.PA
AMUNDI INDEX EURO CORP H USD,ETP,,AHYC,Euronext Paris,False,AHYC.PA
AMUNDI GLOBAL AGG SRI H EUR,ETP,,AHYD,Euronext Paris,False,AHYD.PA
AM GLOBAL AGG 1-5 ESG USD C,ETP,,AHYG,Euronext Paris,False,AHYG.PA
ISHARES DIG ENTRN N EDU USDA,ETP,,DGGE,Euronext Paris,False,DGGE.PA
HSBC MSCI EM ETF USD ACC,ETP,,HEMA,Euronext Paris,False,HEMA.PA
HSBC JAPAN SCREENED EQ ETF,ETP,,HSJA,Euronext Paris,False,HSJA.PA
HSBC MSCI CN A ETF USD ACC,ETP,,HCAS,Euronext Paris,False,HCAS.PA
HSBC MSCI EU ETF EUR ACC,ETP,,HMES,Euronext Paris,False,HMES.PA
HSBC MSCI JP ETF USD (ACC),ETP,,HMJS,Euronext Paris,False,HMJS.PA
AMUNDI ID MSCI JPN ESG CTB D,ETP,,AHYZ,Euronext Paris,False,AHYZ.PA
ISH DIV COMDTY SWAP DE,ETP,,CMSE,Euronext Paris,False,CMSE.PA
OSSIAM BLOOMBERG EUROZONE PA,ETP,,OP2E,Euronext Paris,False,OP2E.PA
OSSIAM BLOOMBERG EUROPE EX E,ETP,,OP4E,Euronext Paris,False,OP4E.PA
OSSIAM BLOOMBERG JAPAN PAB N,ETP,,OP5E,Euronext Paris,False,OP5E.PA
OSSIAM BLOOMBERG JAPAN PAB N,ETP,,OP5H,Euronext Paris,False,OP5H.PA
OSSIAM BBG APAC EXJP PNR EUR,ETP,,OP6E,Euronext Paris,False,OP6E.PA
OSSIAM BBG USA PAB UCITS EU,ETP,,OP7E,Euronext Paris,False,OP7E.PA
OSSIAM BBG USA PAB UCITS EUH,ETP,,OP7H,Euronext Paris,False,OP7H.PA
OSSIAM BBG CAN PAB UCITSEU,ETP,,OP8E,Euronext Paris,False,OP8E.PA
AMUNDI ETF GOVIES 0-6 MONTHS,ETP,,C6MMX,Euronext Paris,False,C6MMX.PA
HASHDEX NASDAQ CME CRYPTO IN,ETP,,HASH,Euronext Paris,False,HASH.PA
A GL AGG SRI 1-5 UCITS HE DR,ETP,,AHYH,Euronext Paris,False,AHYH.PA
BNP EASY BIODIV EUR ESG,ETP,,BIODV,Euronext Paris,False,BIODV.PA
HASHDEX CRYPTO MOMENTUM ETP,ETP,,HAMO,Euronext Paris,False,HAMO.PA
HSBC MSCI WD SM CAP SCD ETF,ETP,,HWSS,Euronext Paris,False,HWSS.PA
HSBC MSCI EM VALUE SCD ETF,ETP,,HEVS,Euronext Paris,False,HEVS.PA
ISHARES MSCI USA SWAP USD A,ETP,,MUSA,Euronext Paris,False,MUSA.PA
BNP PARIBAS EASY EUR CORP-UA,ETP,,SRIC6,Euronext Paris,False,SRIC6.PA
AM MSC JP SR CLMT PA-UCI EUA,ETP,,JPX4,Euronext Paris,False,JPX4.PA
CHINA CNY BONDS UCITS ETF DR,ETP,,CNYF,Euronext Paris,False,CNYF.PA
HSBC MSCI US ISLAMIC SCD ETF,ETP,,HIUS,Euronext Paris,False,HIUS.PA
HSBC MSCI EU ISLAMIC SCD ETF,ETP,,HIPS,Euronext Paris,False,HIPS.PA
HSBC MSCI WD ISLAMIC SCD ETF,ETP,,HIWS,Euronext Paris,False,HIWS.PA
ISHARES MSCI EM XCHINA,ETP,,MTPI,Euronext Paris,False,MTPI.PA
HSBC MSCI EM ISLAMIC SCD ETF,ETP,,HIES,Euronext Paris,False,HIES.PA
BNP EASY CIRCULAR ECONOMY,ETP,,REUSD,Euronext Paris,False,REUSD.PA
BNP EASY BLUE ECONOMY ESG U,ETP,,BLUSD,Euronext Paris,False,BLUSD.PA
BNP EASY HYDROGEN ESG U,ETP,,HYDUS,Euronext Paris,False,HYDUS.PA
OSS SHL GLB CAPE,ETP,,5OGU,Euronext Paris,False,5OGU.PA
OSS SHL GLB CAPE,ETP,,5OGE,Euronext Paris,False,5OGE.PA
BNP PARIBAS EASY EUR AGGR-UA,ETP,,BSRIC,Euronext Paris,False,BSRIC.PA
BNP PARIBAS EASY EUR AGGR-UI,ETP,,BSRID,Euronext Paris,False,BSRID.PA
BNP JP ES EM GB 1-3 UE-UE EA,ETP,,GEU3C,Euronext Paris,False,GEU3C.PA
BNP JP ES EM GB 1-3 UE-UE EI,ETP,,GEU3D,Euronext Paris,False,GEU3D.PA
AMUNDI PEA DOW JN INDS AVERG,ETP,,AHYI,Euronext Paris,True,AHYI.PA
AMUNDI SHRTDAX DLY -1X INVER,ETP,,AHYK,Euronext Paris,False,AHYK.PA
AMUNDI GERMY BND DL -1X INVR,ETP,,BUNS,Euronext Paris,False,BUNS.PA
BNP PAREASP 500SC SC UE-USDA,ETP,,SPEUS,Euronext Paris,False,SPEUS.PA
BNP EASY S&P 500 ESG SC E,ETP,,SPEEU,Euronext Paris,False,SPEEU.PA
AMUNDI MSCI EUR SC ESG BROAD,ETP,,CEM,Euronext Paris,False,CEM.PA
AM CR MSCI CN A SP ETF DIST,ETP,,C024,Euronext Paris,False,C024.PA
AM CR MSCI WORLD SP ETF DIST,ETP,,AHYQ,Euronext Paris,False,AHYQ.PA
AMUNDI MSCI EUR SC ESG BROAD,ETP,,X026,Euronext Paris,False,X026.PA
AMDI MSCI WATER ESG DR-ACC,ETP,,WATC,Euronext Paris,False,WATC.PA
AMUNDI MSCI EUR ACTION,ETP,,AE5B,Euronext Paris,False,AE5B.PA
AMUNDI GLOBAL AGG SRI 1-5,ETP,,AK8A,Euronext Paris,False,AK8A.PA
21SHARES BITCOIN CORE ETP,ETP,,CBTC,Euronext Paris,False,CBTC.PA
21SHARES STK BSK INDX ETP,ETP,,STAKE,Euronext Paris,False,STAKE.PA
21SHARES ETHEREUM CO STK ETP,ETP,,ETHC,Euronext Paris,False,ETHC.PA
21SHARES LIDO DAO ETP,ETP,,LIDO,Euronext Paris,False,LIDO.PA
AMUN MSCI EM ESG BROAD,ETP,,CLEM,Euronext Paris,False,CLEM.PA
AM S&P W COMMUNICAT SCR D,ETP,,TELW,Euronext Paris,False,TELW.PA
AM S&P W CONSUMER D SCR A,ETP,,CODW,Euronext Paris,False,CODW.PA
AM S&P W CONSUMER S SCR A,ETP,,COSW,Euronext Paris,False,COSW.PA
AM S&P W INDUSTRIAL SCR A,ETP,,INDW,Euronext Paris,False,INDW.PA
AM S&P W MATERIALS SCR A,ETP,,MATW,Euronext Paris,False,MATW.PA
AM S&P W ENERGY SCREENED D,ETP,,NRGW,Euronext Paris,False,NRGW.PA
AM GL GOV TD GB UCITS ET DIS,ETP,,AK8B,Euronext Paris,False,AK8B.PA
BNP EASY MSCI WORLD SRI C,ETP,,EMWD,Euronext Paris,False,EMWD.PA
BNP EASY LW CARBON EUR PAB,ETP,,ECND,Euronext Paris,False,ECND.PA
AMUN MSCI EM ESG BROAD,ETP,,SBIN,Euronext Paris,False,SBIN.PA
AMUNDI USD CRPT BND-GBP HD D,ETP,,PRUB,Euronext Paris,False,PRUB.PA
ISHRS IBND DEC 26 CORP,ETP,,26ID,Euronext Paris,False,26ID.PA
ISHRS IBNDS DEC 28 CORP,ETP,,28ID,Euronext Paris,False,28ID.PA
WT CAC 40 3X DAILY LVRGD,ETP,,3CAC,Euronext Paris,False,3CAC.PA
WT CAC 40 3X DAILY SHORT,ETP,,3CAS,Euronext Paris,False,3CAS.PA
ISHRS IBND DEC26 CORP-EURACC,ETP,,B26A,Euronext Paris,False,B26A.PA
ISHRS IBND DEC28 CORP-EURACC,ETP,,B28A,Euronext Paris,False,B28A.PA
ISHRS D25 USD TRE UCITS ETF,ETP,,TI25,Euronext Paris,False,TI25.PA
ISHRS D25 EUR CORP UCITS ETF,ETP,,IB25,Euronext Paris,False,IB25.PA
ISHRS D27 USD CORP UCITS ETF,ETP,,DI27,Euronext Paris,False,DI27.PA
ISHRS D27 EUR CORP UCITS ETF,ETP,,IB27,Euronext Paris,False,IB27.PA
BNP EASY US CORP SRI,ETP,,USCBC,Euronext Paris,False,USCBC.PA
BNP EASY US CORP SRI D,ETP,,USCBD,Euronext Paris,False,USCBD.PA
BNP PARI EE CB SRI FFD UE-EI,ETP,,SRIUD,Euronext Paris,False,SRIUD.PA
BNP PARI EE CB SRI FFD UE-UE,ETP,,SRIUC,Euronext Paris,False,SRIUC.PA
AMUNDI MSCI USA ESG SELECTIO,ETP,,SADU,Euronext Paris,False,SADU.PA
HSBC MSCI JP ISLAMIC SCD ETF,ETP,,HIJS,Euronext Paris,False,HIJS.PA
WT WTI CRUDE 2X DLY LVRGD,ETP,,LOIL,Euronext Paris,False,LOIL.PA
WT PHYSICAL GOLD-EUR DLY HDG,ETP,,GBSE,Euronext Paris,False,GBSE.PA
WT INDUSTRIAL METALS,ETP,,AIGI,Euronext Paris,False,AIGI.PA
WISDOMTREE CORE PHYSICAL GLD,ETP,,WGLD,Euronext Paris,False,WGLD.PA
WT ENERGY TRANSITION METALS,ETP,,WENT,Euronext Paris,False,WENT.PA
WT NASDAQ 100 3X DLY LVRGD,ETP,,QQQ3,Euronext Paris,False,QQQ3.PA
WT S&P 500 3X DLY LEVERAGED,ETP,,3USL,Euronext Paris,False,3USL.PA
WT S&P 500 3X DAILY SHORT,ETP,,3USS,Euronext Paris,False,3USS.PA
WT EURO STOXX50 3X DLY LVRGD,ETP,,3EUL,Euronext Paris,False,3EUL.PA
WT EURO STOXX50 3X DLY SHORT,ETP,,3EUS,Euronext Paris,False,3EUS.PA
WT S&P500VIX SHFUT 2.25DLYLV,ETP,,VIXL,Euronext Paris,False,VIXL.PA
WISDOMTREE CARBON,ETP,,CARB,Euronext Paris,False,CARB.PA
WT NASDAQ 100 3X DAILY SHORT,ETP,,QQQS,Euronext Paris,False,QQQS.PA
AMUNDI MSCI J ESG AMB CTB,ETP,,CJ1P,Euronext Paris,False,CJ1P.PA
BNP PA ES MWD MTE UC ETF-USA,ETP,,WEMTE,Euronext Paris,False,WEMTE.PA
BNP EASY MSCI WORLD ESG,ETP,,WEMT2,Euronext Paris,False,WEMT2.PA
AMUNDI S&P 500 SCR UCITS ACC,ETP,,S500,Euronext Paris,False,S500.PA
AMD S&P 500 SCRN UCT ETF-AEH,ETP,,S500H,Euronext Paris,False,S500H.PA
WISDOMTREE US QLY DIV GRWTH,ETP,,DGRA,Euronext Paris,False,DGRA.PA
WT CLOUD COMPUTING USD ACC,ETP,,WCLD,Euronext Paris,False,WCLD.PA
WT ART INTELLIGENCE -USD ACC,ETP,,WTAI,Euronext Paris,False,WTAI.PA
WT BATTERY SOLUTIONS-USD ACC,ETP,,VOLT,Euronext Paris,False,VOLT.PA
WISDOMTREE GLB QLY DIV GRWTH,ETP,,GGRA,Euronext Paris,False,GGRA.PA
WT CYBERSECURITY-USD ACC,ETP,,WCBR,Euronext Paris,False,WCBR.PA
WISDOMTREE EUZ QTY DIV GRWTH,ETP,,EGRA,Euronext Paris,False,EGRA.PA
21SHARES STACKS STAKING ETP,ETP,,ASTX,Euronext Paris,False,ASTX.PA
AMUNDI MSCI EU ESG CTB EUR D,ETP,,CEUE,Euronext Paris,False,CEUE.PA
AMUNDI MSCI NORTH AMERICA ES,ETP,,NRAM,Euronext Paris,False,NRAM.PA
AMUNDI MSCI NORTH AMERICA ES,ETP,,USRI,Euronext Paris,False,USRI.PA
BNP EASY GLOBAL INFRA ESG,ETP,,ENG,Euronext Paris,False,ENG.PA
BNP PARIB ESG INFRA UCITS-UA,ETP,,ENGUS,Euronext Paris,False,ENGUS.PA
ISHRS D25 USD CORP UCITS ETF,ETP,,ID25,Euronext Paris,False,ID25.PA
AMUNDI MSCI USA ESG BROAD,ETP,,USA,Euronext Paris,False,USA.PA
AMUNDI MSCI USA ESG BROAD,ETP,,USAC,Euronext Paris,False,USAC.PA
ISHRS D25 EUR CORP UCITS ETF,ETP,,IBE5,Euronext Paris,False,IBE5.PA
ISHRS D27 EUR CORP UCITS ETF,ETP,,IBE7,Euronext Paris,False,IBE7.PA
AMUNDI S&P 500 CLIMATE PA,ETP,,PABH,Euronext Paris,False,PABH.PA
AMUNDI S&P 500 CLIMATE NET Z,ETP,,PABU,Euronext Paris,False,PABU.PA
BITWISE MSCI DGL ATS 20 ETF,ETP,,DA20,Euronext Paris,False,DA20.PA
AMUNDI MSCI WORLD ESG BROAD,ETP,,LWCR,Euronext Paris,False,LWCR.PA
AMUNDI MSCI WORLD CLIMATE PA,ETP,,PABW,Euronext Paris,False,PABW.PA
AM EURO GOV BOND 5-7Y-ETF D,ETP,,C53D,Euronext Paris,False,C53D.PA
21SHARES ARBITRUM ETP,ETP,,AARB,Euronext Paris,False,AARB.PA
21SHARES OPTIMISM ETP,ETP,,AOPT,Euronext Paris,False,AOPT.PA
AMUNDI GOLD MINERS UC ETF-UI,ETP,,GLDM,Euronext Paris,False,GLDM.PA
AMUNDI MSCI WORLD ESG CLIMAT,ETP,,CLWD,Euronext Paris,False,CLWD.PA
BNP EASY S&P 500 ESG SC EH,ETP,,SPEUH,Euronext Paris,False,SPEUH.PA
AMUNDI PEA S&P US CS SC,ETP,,COSE,Euronext Paris,True,COSE.PA
AMUNDI PEA MSCI USA VALUE,ETP,,USVE,Euronext Paris,True,USVE.PA
MAKING EUROPE GREAT AGAIN UC,ETP,,GR8,Euronext Paris,False,GR8.PA
AM CORE MSCI WORLD U ETF ACC,ETP,,MWRD,Euronext Paris,False,MWRD.PA
AMUNDI MSCI WORLD SRI C NZ,ETP,,WSRI,Euronext Paris,False,WSRI.PA
LYXOR MSCI EAST EU EX RUSSIA,ETP,,ESTE,Euronext Paris,False,ESTE.PA
AMUNDI MSCI WORLD SRI PA,ETP,,WESE,Euronext Paris,False,WESE.PA
AM CR STX EUROPE 600 ETF ACC,ETP,,MEUD,Euronext Paris,False,MEUD.PA
AMDI USD CORPB CPA HIN,ETP,,USIH,Euronext Paris,False,USIH.PA
AMDI MSCI EMU SC ESG BROAD,ETP,,MMS,Euronext Paris,False,MMS.PA
AM FTSE EPRA NRIT GLB II DIS,ETP,,MWO,Euronext Paris,False,MWO.PA
AMDI STOXX EUR DIV 30,ETP,,SEL,Euronext Paris,False,SEL.PA
21SHARES CELESTIA STAKING ET,ETP,,ATIA,Euronext Paris,False,ATIA.PA
FUTURE OF DEFENCE UCITS ETF,ETP,,NATO,Euronext Paris,False,NATO.PA
ETC GROUP WEB 3.0 UCITS ETF,ETP,,WEB3,Euronext Paris,False,WEB3.PA
AM MSCI WORLD SP ETF EUR DIS,ETP,,EWLD,Euronext Paris,False,EWLD.PA
BNP EASY LW CARBON EUR PAB,ETP,,LCEUD,Euronext Paris,False,LCEUD.PA
BNPP ESY MS MIN TE UCI ETF,ETP,,PAACE,Euronext Paris,False,PAACE.PA
ISHARE MSCI WORLD SWAP PEA,ETP,,WPEA,Euronext Paris,True,WPEA.PA
BNP PAR EA MS ACW MIN TE-UUA,ETP,,PAACU,Euronext Paris,False,PAACU.PA
AM MSCI WORLD SWP II ETF ACC,ETP,,WLDC,Euronext Paris,False,WLDC.PA
BNP EASY MSCI JAPAN ESG U,ETP,,EJAPU,Euronext Paris,False,EJAPU.PA
BNP PARI EASY JPM TIL EMU-UC,ETP,,GOV10,Euronext Paris,False,GOV10.PA
BNP EASY EMU GV 10+ UCTE-EIN,ETP,,GOD10,Euronext Paris,False,GOD10.PA
21SHARES TONCOIN STAKING ETP,ETP,,TONN,Euronext Paris,False,TONN.PA
BNP EASY MSCI WORLD ESG EH,ETP,,WEMTH,Euronext Paris,False,WEMTH.PA
ISHRS IBDS D26 ITALY GB ETF,ETP,,26TP,Euronext Paris,False,26TP.PA
ISHARES IBONDS D28 T ITALY G,ETP,,28IY,Euronext Paris,False,28IY.PA
ISHARE MSCI WRD SP UCITS ETF,ETP,,IWDS,Euronext Paris,False,IWDS.PA
ISR IB DE 2029 TER UCITS ETF,ETP,,29GI,Euronext Paris,False,29GI.PA
ISRS IBND DEC 2029 TERM ETF,ETP,,29ID,Euronext Paris,False,29ID.PA
ISHARES IBO DEC 2030 TER ETF,ETP,,30IG,Euronext Paris,False,30IG.PA
ISHARES GLOBAL AEROSPACE&DEF,ETP,,DFND,Euronext Paris,False,DFND.PA
ISHARES IBO DEC 2030 TER ETF,ETP,,30ID,Euronext Paris,False,30ID.PA
ISHRS IBD D27 T TREASURY ETF,ETP,,27IT,Euronext Paris,False,27IT.PA
ISHARES IBONDS DEC 2029 TRSY,ETP,,29IT,Euronext Paris,False,29IT.PA
21SHARS INJETIVE STKING ETP,ETP,,AINJ,Euronext Paris,False,AINJ.PA
21SHARES IMMUTABLE ETP,ETP,,AIMX,Euronext Paris,False,AIMX.PA
21SHARES SUI STAKING ETP,ETP,,ASUI,Euronext Paris,False,ASUI.PA
BNP EASY JAPAN ESG ENH,ETP,,AJASE,Euronext Paris,False,AJASE.PA
BNP EASY US ESG ENH D,ETP,,AUSSD,Euronext Paris,False,AUSSD.PA
BNP EASY US ESG ENH,ETP,,AUSSE,Euronext Paris,False,AUSSE.PA
BNP EASY JAPAN ESG ENH,ETP,,AJASR,Euronext Paris,False,AJASR.PA
BNP EASY US ESG ENH,ETP,,AUSSR,Euronext Paris,False,AUSSR.PA
BNP PARIB EASY ESG EN EUR-UA,ETP,,ACE32,Euronext Paris,False,ACE32.PA
BNP PARI EESG EECB D29 UE-EA,ETP,,ACE29,Euronext Paris,False,ACE29.PA
VANECK SUI ETN,ETP,,VSUI,Euronext Paris,False,VSUI.PA
BNP EASY WORLD ESG ENH,ETP,,AWDSR,Euronext Paris,False,AWDSR.PA
BNP EASY WORLD ESG ENH,ETP,,AWDSE,Euronext Paris,False,AWDSE.PA
VIRTUNE STAKED SOLANA ETP,ETP,,VRTS,Euronext Paris,False,VRTS.PA
BNP PARIBS EE EW UCI ETF-UEU,ETP,,AWDS,Euronext Paris,False,AWDS.PA
DDA BITCOIN MACRO ETP,ETP,,BMAC,Euronext Paris,False,BMAC.PA
VANECK DEFENSE ETF,ETP,,DFNS,Euronext Paris,False,DFNS.PA
VANECK SEMICONDUCTOR ETF,ETP,,SMH,Euronext Paris,False,SMH.PA
VANECK DEV MKT DVD LEADERS,ETP,,TDIV,Euronext Paris,False,TDIV.PA
21SHRS FUTR CRYPTO IND ETP,ETP,,FUTR,Euronext Paris,False,FUTR.PA
VANECK PYTH ETN,ETP,,VPYT,Euronext Paris,False,VPYT.PA
21SHARES APTOS STAKING ETP,ETP,,APTOS,Euronext Paris,False,APTOS.PA
FRK FTSE EM X CN UCITS ETF,ETP,,EXCN,Euronext Paris,False,EXCN.PA
FRANKLIN AI METAVE BLKC UCIT,ETP,,METE,Euronext Paris,False,METE.PA
FRK FTSE ASIA XCH XJP ETF,ETP,,FLQA,Euronext Paris,False,FLQA.PA
WISDOMTREE PHYSICAL XRP,ETP,,WXRP,Euronext Paris,False,WXRP.PA
FRK FTSE DEV WORLD UCITS ETF,ETP,,WORLD,Euronext Paris,False,WORLD.PA
FRK FTSE JAPAN UCITS ETF,ETP,,JAPAN,Euronext Paris,False,JAPAN.PA
FRK FTSE EM UCITS ETF,ETP,,EMERG,Euronext Paris,False,EMERG.PA
FRK SAUDI ARABIA UCITS ETF,ETP,,SAUDI,Euronext Paris,False,SAUDI.PA
FRK MSCI WORLD CATH PRIN ETF,ETP,,FAITH,Euronext Paris,False,FAITH.PA
FRK FUT FOOD ETF,ETP,,FOFD,Euronext Paris,False,FOFD.PA
FRK FTSE TAIWAN UCITS ETF,ETP,,FLXT,Euronext Paris,False,FLXT.PA
FRK MSCI EM PARIS UCITS ETF,ETP,,FREP,Euronext Paris,False,FREP.PA
FRK FUT HEALTH WELLNESS ETF,ETP,,FOHW,Euronext Paris,False,FOHW.PA
FRANKLIN US EQUITY UCITS ETF,ETP,,FLXU,Euronext Paris,False,FLXU.PA
FRK MSCI CH PARIS UCITS ETF,ETP,,FRCP,Euronext Paris,False,FRCP.PA
21SHARES ONDO ETP,ETP,,ONDO,Euronext Paris,False,ONDO.PA
21SHARES RENDER ETP,ETP,,RNDR,Euronext Paris,False,RNDR.PA
21SHARES PYTH NETWORK ETP,ETP,,PYTH,Euronext Paris,False,PYTH.PA
AMDI ISR CRED US UCITS ETF C,ETP,,ISRD,Euronext Paris,False,ISRD.PA
AMDI ISR CRED EUR UCIT ETF C,ETP,,ISRC,Euronext Paris,False,ISRC.PA
AMDI ISR CRED USD ETF EU H C,ETP,,ISCH,Euronext Paris,False,ISCH.PA
AMDI LABL ISR ACT JPN ETF C,ETP,,ISRJ,Euronext Paris,False,ISRJ.PA
AMDI LABL ISR ACT JPN ETF HC,ETP,,ISJH,Euronext Paris,False,ISJH.PA
21SHARES NEAR PROT STAKING,ETP,,NEAR,Euronext Paris,False,NEAR.PA
AMDI ISR ACTIONS MONDE ETF C,ETP,,ISRM,Euronext Paris,False,ISRM.PA
AMDI ISR ACT US UCITS ETF C,ETP,,ISRU,Euronext Paris,False,ISRU.PA
AMDI ISR AC EURO UCITS ETF C,ETP,,ISRA,Euronext Paris,False,ISRA.PA
AMDI ISR ACT US UC ET EURH C,ETP,,ISUH,Euronext Paris,False,ISUH.PA
BNP EASY EUROPE ESG ENH,ETP,,AEUSE,Euronext Paris,False,AEUSE.PA
AMDI PEA LUX MONDE UCI ETF C,ETP,,MLUX,Euronext Paris,True,MLUX.PA
ISHRS AI ADP & APP UCITS ETF,ETP,,AIAA,Euronext Paris,False,AIAA.PA
ISHRS AI INFRASTRC UCITS ETF,ETP,,AINF,Euronext Paris,False,AINF.PA
BNP ESY ENH EC DC2027 UCT-EU,ETP,,ACD27,Euronext Paris,False,ACD27.PA
BNP PARI EESG EECB D29 UE-EI,ETP,,ACD29,Euronext Paris,False,ACD29.PA
BNP EASY EPRA GLOB GREEN,ETP,,GRCTB,Euronext Paris,False,GRCTB.PA
BNPP ESY JPM EM GD CMP-UE UA,ETP,,BJL1,Euronext Paris,False,BJL1.PA
BNPP ESY JP EM GD CM-UE H GA,ETP,,BJL2,Euronext Paris,False,BJL2.PA
SS SPD BE HYB UCIT ETF-EUR U,ETP,,JNKA,Euronext Paris,False,JNKA.PA
FRK US DIV TILT UCITS ETF,ETP,,USDIV,Euronext Paris,False,USDIV.PA
ISHARES AI INV ACT UCITS ETF,ETP,,IART,Euronext Paris,False,IART.PA
BNPP ESY JP EM GD CM-UE H AA,ETP,,EMBA,Euronext Paris,False,EMBA.PA
AMUNDI LC 2039 UCITS ETF ACC,ETP,,LC39,Euronext Paris,False,LC39.PA
AMUNDI LC 2030 UCITS ETF ACC,ETP,,LC30,Euronext Paris,False,LC30.PA
AMDI LIFECYCLE 2033 UCITS  C,ETP,,LC33,Euronext Paris,False,LC33.PA
AMDI LIFECYCLE 2036 UCITS C,ETP,,LC36,Euronext Paris,False,LC36.PA
BNP EASY EPRA EUR GREEN CTB,ETP,,GREAD,Euronext Paris,False,GREAD.PA
BNP PARIB EASY ESG EN EUR-UI,ETP,,ACD32,Euronext Paris,False,ACD32.PA
VANECK MORNINGSTAR US ESG WI,ETP,,MOAT,Euronext Paris,False,MOAT.PA
VANECK MSTAR SMID MOAT ETF,ETP,,SMOT,Euronext Paris,False,SMOT.PA
VANECK GL FALLEN ANGL HY ETF,ETP,,GFA,Euronext Paris,False,GFA.PA
VANECK CRYPTO AND BLOCKCHAIN,ETP,,DAPP,Euronext Paris,False,DAPP.PA
VANECK SPACE INNOVATORS ETF,ETP,,JEDI,Euronext Paris,False,JEDI.PA
VANECK MSTAR GLOBAL MOAT ETF,ETP,,GOAT,Euronext Paris,False,GOAT.PA
VANECK OIL SERVICES ETF,ETP,,OIHV,Euronext Paris,False,OIHV.PA
VANECK S&P GBL MIN UCI ETF-A,ETP,,GDIG,Euronext Paris,False,GDIG.PA
VANECK JR GOLD MINERS ETF,ETP,,GDXJ,Euronext Paris,False,GDXJ.PA
VANECK URANIUM & NUCLEAR ETF,ETP,,NUCL,Euronext Paris,False,NUCL.PA
VANECK VIDEO GAME ESPORT ETF,ETP,,ESPO,Euronext Paris,False,ESPO.PA
VANECK RARE EARTH UCITS ETF,ETP,,REMX,Euronext Paris,False,REMX.PA
VANECK MSTAR WIDE MOAT ETF,ETP,,MOTU,Euronext Paris,False,MOTU.PA
VANECK GOLD MINERS UCITS ETF,ETP,,GDX,Euronext Paris,False,GDX.PA
VANECK JPM EM LOC CUR BD ETF,ETP,,EMLC,Euronext Paris,False,EMLC.PA
VANECK EMERG MARKETS HY ETF,ETP,,HYEM,Euronext Paris,False,HYEM.PA
VANECK US FALLEN ANGEL ETF,ETP,,USFA,Euronext Paris,False,USFA.PA
BITWISE DIAMAN BTC & GOLD,ETP,,BTCG,Euronext Paris,False,BTCG.PA
WISDOMTREE PHYS COINDESK 20,ETP,,WCRX,Euronext Paris,False,WCRX.PA
ISHARES S&P 500 TOP 20 ETF,ETP,,SP20,Euronext Paris,False,SP20.PA
AMUNDI PEA MONDE MSCI WORLD,ETP,,DCAM,Euronext Paris,True,DCAM.PA
BITWISE CORE BITCOIN ETP,ETP,,BTC1,Euronext Paris,False,BTC1.PA
BNP EASY US CORP SRI EH,ETP,,USCBH,Euronext Paris,False,USCBH.PA
IMGP DBI MF EX-COMMODITIES,ETP,,MFA8,Euronext Paris,False,MFA8.PA
COINSHARES PHY STAKED SOLANA,ETP,,SLNC,Euronext Paris,False,SLNC.PA
COINSHARES PHY STKD CARDANO,ETP,,CSDA,Euronext Paris,False,CSDA.PA
COINSHARES XRP ETP,ETP,,XRPL,Euronext Paris,False,XRPL.PA
ISHARES BITCOIN ETP,ETP,,IB1T,Euronext Paris,False,IB1T.PA
IMGP DBI MNG FUT FD RU UE-RU,ETP,,DBMF,Euronext Paris,False,DBMF.PA
IMGP DBI MNG FUT FD RU UE-RE,ETP,,DBMFE,Euronext Paris,False,DBMFE.PA
BNPP ESY CBP PAB1-3Y UCIS-EA,ETP,,SRI3C,Euronext Paris,False,SRI3C.PA
WT EUROPE DEFENCE UCITS ETF,ETP,,WDEF,Euronext Paris,False,WDEF.PA
VANECK CELESTIA ETN,ETP,,VTIA,Euronext Paris,False,VTIA.PA
BNP EASY MSCI WORLD EW,ETP,,WEWE,Euronext Paris,False,WEWE.PA
AMUNDI MSCI USA ESG LEADERS,ETP,,USAL,Euronext Paris,False,USAL.PA
FTR OF EURPN DFNC SCRND UCTS,ETP,,ARMY,Euronext Paris,False,ARMY.PA
FRK SP 500 SCREENED ETF,ETP,,US500,Euronext Paris,False,US500.PA
BNP EASY S&P 500 II,ETP,,SPTRE,Euronext Paris,False,SPTRE.PA
BNP EASY S&P 500 II EH,ETP,,SPTRH,Euronext Paris,False,SPTRH.PA
FRK SP WORLD SCREENED ETF,ETP,,GLOBE,Euronext Paris,False,GLOBE.PA
BNP EASY MSCI WORLD EW,ETP,,WEWEU,Euronext Paris,False,WEWEU.PA
BNP EASY S&P 500 II,ETP,,SPTR,Euronext Paris,False,SPTR.PA
ISHARES S&P500 EQ WT USD ACC,ETP,,EWSP,Euronext Paris,False,EWSP.PA
ISHRES NASDAQ 100 EX-T30 ETF,ETP,,QNXT,Euronext Paris,False,QNXT.PA
ISHARES NASDAQ 100 T 30 ETF,ETP,,QTOP,Euronext Paris,False,QTOP.PA
BNP EASY BBG EUROPE DEFENSE,ETP,,GUARD,Euronext Paris,False,GUARD.PA
AM S&P W HEALTH CAR SCR A,ETP,,GLHL,Euronext Paris,False,GLHL.PA
AM S&P W FINANCIALS SCR A,ETP,,GLFI,Euronext Paris,False,GLFI.PA
AM S&P W INFORMATIO SCR A,ETP,,GLIT,Euronext Paris,False,GLIT.PA
AM STOXX EUROPE DEFENSE ACC,ETP,,DEFS,Euronext Paris,False,DEFS.PA
BNP EASY BBG EUROPE DEFENSE,ETP,,GUADD,Euronext Paris,False,GUADD.PA
21SHARES CRONOS STAKING ETP,ETP,,CRON,Euronext Paris,False,CRON.PA
FRANKLIN US MEGA CAP ETF,ETP,,US100,Euronext Paris,False,US100.PA
BNP EASY MSCI SM CAP,ETP,,USSMU,Euronext Paris,False,USSMU.PA
BNP EASY MSCI SM CAP,ETP,,USSM,Euronext Paris,False,USSM.PA
AMDI E CRP BD 1-5Y H C,ETP,,EBBU,Euronext Paris,False,EBBU.PA
BNP PAR EASY JPM TILT EMU-UC,ETP,,GEU7C,Euronext Paris,False,GEU7C.PA
AM GLOBAL AGG BO DR C,ETP,,GASR,Euronext Paris,False,GASR.PA
AM MSCI JPN SRI CLMT PA-EUIN,ETP,,JPHD,Euronext Paris,False,JPHD.PA
AMUNDI MSCI CHINA-ETF ACC,ETP,,LCCN,Euronext Paris,False,LCCN.PA
AM CR SP500 SP ETF EUR H ACC,ETP,,SPHC,Euronext Paris,False,SPHC.PA
AM MSCI EMERG EX CHINA-ETF A,ETP,,EMXC,Euronext Paris,False,EMXC.PA
AD FX 2028 EU GOVBB C,ETP,,FM28,Euronext Paris,False,FM28.PA
AM CR GLB A BD ETF EUR H ACC,ETP,,GAGH,Euronext Paris,False,GAGH.PA
AMD FX2026 EUGOVBD C,ETP,,FM26,Euronext Paris,False,FM26.PA
AMDI FX2027 EUGOVBB  ACC,ETP,,FM27,Euronext Paris,False,FM27.PA
AMD FX2029 EUGOVBB ACC,ETP,,FM29,Euronext Paris,False,FM29.PA
ISHRS SP 500S PEA UCITS ETF,ETP,,SPEA,Euronext Paris,True,SPEA.PA
BNPP S&P 500 II USD DIS,ETP,,EDEC,Euronext Paris,False,EDEC.PA
AMDI CAC40 C,ETP,,CA40,Euronext Paris,False,CA40.PA
AMDI EUR STX50II C,ETP,,MSES,Euronext Paris,False,MSES.PA
AMDI PEA NDQ-100 C,ETP,,PNAS,Euronext Paris,True,PNAS.PA
AMDI PEA S&P5 SC C,ETP,,PSPS,Euronext Paris,True,PSPS.PA
AMDI PEA EMERG ESG C,ETP,,PEMS,Euronext Paris,True,PEMS.PA
CNSH PHYS TOP 10 CRYP MK ETP,ETP,,CTEN,Euronext Paris,False,CTEN.PA
21SHARES HEDERA ETP,ETP,,HDRA,Euronext Paris,False,HDRA.PA
OSSIAM BRCL US SEC V-HEDIN1C,ETP,,CAPH,Euronext Paris,False,CAPH.PA
AMUD LBL ISR ACTIONS EMERG C,ETP,,ISRG,Euronext Paris,False,ISRG.PA
OSSIAM CAC 40 NR,ETP,,0CAC,Euronext Paris,False,0CAC.PA
AM MSCI WRLD ESG SEL ETF-EUR,ETP,,MWOS,Euronext Paris,False,MWOS.PA
YIELDMAX MSTR OPT IN STR ETC,ETP,,MSTY,Euronext Paris,False,MSTY.PA
AMUND S&P 500 EQ WG EUE-UEEH,ETP,,MWOQ,Euronext Paris,False,MWOQ.PA
AMUNDI EURO HY CORP BND ESGA,ETP,,HYCC,Euronext Paris,False,HYCC.PA
BNP PAR EASY EUR OVE UCIT-UA,ETP,,CASHE,Euronext Paris,False,CASHE.PA
OSSIAM MSCI EMU,ETP,,0EMU,Euronext Paris,False,0EMU.PA
VIRTUNE COINBASE 50 INDEX,ETP,,VRTC,Euronext Paris,False,VRTC.PA
FRANKLIN US TREAS 0-1 YR ETF,ETP,,FLUSA,Euronext Paris,False,FLUSA.PA
BNP EASY ALPHA WORLD,ETP,,QGLO,Euronext Paris,False,QGLO.PA
BNP EASY ALPHA WORLD,ETP,,QGLOE,Euronext Paris,False,QGLOE.PA
BNP EASY ALPHA EUROPE,ETP,,QEUR,Euronext Paris,False,QEUR.PA
BNP PARIBA EASY ALPHA ENH-UA,ETP,,QEIG,Euronext Paris,False,QEIG.PA
BNP EASY ALPHA US EQ,ETP,,QUSA,Euronext Paris,False,QUSA.PA
BNP EASY ALPHA US EQ,ETP,,QUSAE,Euronext Paris,False,QUSAE.PA
BNP EASY ALPHA G HY,ETP,,QGHY,Euronext Paris,False,QGHY.PA
BNP EASY US ESG ENH D,ETP,,AUSSH,Euronext Paris,False,AUSSH.PA
BNP PRIBS ESY ESG E WRLD ETF,ETP,,AWDSH,Euronext Paris,False,AWDSH.PA
BNP PRIBS ESY ESG E JAPN ETF,ETP,,AJASH,Euronext Paris,False,AJASH.PA
BNP EASY ALPHA USD CORP,ETP,,QUIG,Euronext Paris,False,QUIG.PA
21SHARES XDC NETWORK ETP,ETP,,XDCN,Euronext Paris,False,XDCN.PA
CM-AM EURO STOXX 50 UCIT ETF,ETP,,CM5E,Euronext Paris,False,CM5E.PA
FINEQIA BITCOIN YIELD ETP,ETP,,YBTC,Euronext Paris,False,YBTC.PA
ISHARES USD AAA CLO ACT U ET,ETP,,CLOR,Euronext Paris,False,CLOR.PA
OSSIAM MSCI EUROPE,ETP,,MEUR,Euronext Paris,False,MEUR.PA
OSSIAM GLOBAL PERSPECTIVES,ETP,,GLOB,Euronext Paris,False,GLOB.PA
BPE JEE GOV BD IG1 10Y UE-EA,ETP,,GE110,Euronext Paris,False,GE110.PA
BNPP EASY MSCI EMERGING,ETP,,BRIXU,Euronext Paris,False,BRIXU.PA
BNPP MSCI WORLD UCITS ETF,ETP,,WETFE,Euronext Paris,False,WETFE.PA
BNPP EASY ESG ENHANCED EMU,ETP,,AEMUS,Euronext Paris,False,AEMUS.PA
BNP PARIBAS EASY MSCI ACWI,ETP,,ALLC,Euronext Paris,False,ALLC.PA
BNP PARIBAS EASY MSCI WOR II,ETP,,GLOBU,Euronext Paris,False,GLOBU.PA
FRK EUROPEAN QUALITY DIV ETF,ETP,,DIVA,Euronext Paris,True,DIVA.PA
BNP PAR EASY JPM TIL EMU-EUR,ETP,,GE710,Euronext Paris,False,GE710.PA
AMUD MSCI EUROPE SCR ETF ACC,ETP,,EUSC,Euronext Paris,False,EUSC.PA
ISHARES JPM EM LCL GOV USD-A,ETP,,EMGA,Euronext Paris,False,EMGA.PA
21SHARES DYDX ETP,ETP,,DYDX,Euronext Paris,False,DYDX.PA
BNPP MSCI WORLD UCITS ETF,ETP,,WETF,Euronext Paris,False,WETF.PA
OSSIAM SR BARCLAYS CAPE ST,ETP,,SHTE,Euronext Paris,False,SHTE.PA
21SHARES ASI ETP,ETP,,AFET,Euronext Paris,False,AFET.PA
OSSIAM S&P500,ETP,,0USE,Euronext Paris,False,0USE.PA
OSSIAM SR BARCLAYS CAPE ST,ETP,,SHTU,Euronext Paris,False,SHTU.PA
BNPP EASY MSCI JAPAN MIN TE,ETP,,EJAGB,Euronext Paris,False,EJAGB.PA
AMUD MSCI WRLD (2X) LEVRGD,ETP,,LWLD,Euronext Paris,False,LWLD.PA
ISHARE MSCI WORLD SWAP PEA,ETP,,WPEH,Euronext Paris,True,WPEH.PA
VIRTUNE SUI ETP,ETP,,VRTU,Euronext Paris,False,VRTU.PA
BITWISE CELESTIA STAKING ETP,ETP,,TIAB,Euronext Paris,False,TIAB.PA
WT GLOBAL EFFICIENT CORE,ETP,,NTSG,Euronext Paris,False,NTSG.PA
WT EUROPE EQTY INCOME UCITS,ETP,,EEI,Euronext Paris,False,EEI.PA
WT URANIUM NUCLEAR ENERGY,ETP,,NCLR,Euronext Paris,False,NCLR.PA
WT EURZNE EFCNT CORE ETF,ETP,,NTSZ,Euronext Paris,False,NTSZ.PA
WISDOMTREE QUANTUM COMP ETF,ETP,,WQTM,Euronext Paris,False,WQTM.PA
BNP PAR EASY EUR OVE UCIT-UA,ETP,,CASHD,Euronext Paris,False,CASHD.PA
AMD MSCI WLD SCRD ETF,ETP,,WLSC,Euronext Paris,False,WLSC.PA
AMUD MSCI USA SCRD,ETP,,USAS,Euronext Paris,False,USAS.PA
OSSIAM MSCI WORLD,ETP,,0SWE,Euronext Paris,False,0SWE.PA
WT PHYSICAL STELLAR LUMENS,ETP,,WXLM,Euronext Paris,False,WXLM.PA
OFI INV US EQTY ACTIVE ETF,ETP,,OFIUS,Euronext Paris,False,OFIUS.PA
OFI INV EMU EQTY ACTIVE ETF,ETP,,OFIEU,Euronext Paris,False,OFIEU.PA
ISHAS IBO DEC 2029 T CC ETF,ETP,,IX29,Euronext Paris,False,IX29.PA
ISHAS IBO DEC 2035 T CC ETF,ETP,,IG35,Euronext Paris,False,IG35.PA
ISHARES IBON DEC 2035 TC ETF,ETP,,DI35,Euronext Paris,False,DI35.PA
ISHARE IBO DEC 2028 HYC ETF,ETP,,IU28,Euronext Paris,False,IU28.PA
ISHARES IBOND D29 HY CRP ETF,ETP,,IU29,Euronext Paris,False,IU29.PA
ISHA IBO DEC 2028 T CC ETF,ETP,,IX28,Euronext Paris,False,IX28.PA
AMUD EUROPEAN STRG AUTONOMY,ETP,,INDEP,Euronext Paris,True,INDEP.PA
21SHARES BITTENSOR ETP,ETP,,ATAO,Euronext Paris,False,ATAO.PA
21SHARES MAPLE FINANCE ETP,ETP,,SYRUP,Euronext Paris,False,SYRUP.PA
BNPP GLOB AGG BND SRI FF ETF,ETP,,EAGL,Euronext Paris,False,EAGL.PA
BNP PARIBAS EASY MSCI EUROPE,ETP,,UEFA,Euronext Paris,False,UEFA.PA
BNP PARIBAS EASY MSCI JAPAN,ETP,,FUJI,Euronext Paris,False,FUJI.PA
FRANKLIN CLEARBR US SMLL ETF,ETP,,USMID,Euronext Paris,False,USMID.PA
BNP PARIBAS BBG US TREASURY,ETP,,USGOV,Euronext Paris,False,USGOV.PA
BNP PARIBAS BBG US TRE 1-3,ETP,,UST13,Euronext Paris,False,UST13.PA
BNPP GLOB AGG BND SRI FF ETF,ETP,,GAGE,Euronext Paris,False,GAGE.PA
ODDO BHF GLOB EQU UCITS ETF,ETP,,OBGE,Euronext Paris,False,OBGE.PA
ODDO BFH US EQUI UCITS ETF,ETP,,OBUS,Euronext Paris,False,OBUS.PA
ODDO BFH GL BA ALL UCITS ETF,ETP,,OBBA,Euronext Paris,False,OBBA.PA
OSSIAM BBG WRLD PAB UCITS EU,ETP,,OP9E,Euronext Paris,False,OP9E.PA
AMUD FX MAT 2030 GOVEB,ETP,,FM30,Euronext Paris,False,FM30.PA
YIELDMAX ULTY UOIS ETC,ETP,,ULTE,Euronext Paris,False,ULTE.PA
21SHARES CANTON NETWORK ETP,ETP,,CANTN,Euronext Paris,False,CANTN.PA
WT PHYSICAL LIDO STAKED ETH,ETP,,LSTE,Euronext Paris,False,LSTE.PA
21SHARES MORPHO ETP,ETP,,MORPH,Euronext Paris,False,MORPH.PA
ISHARES EUR STS PEA ETF,ETP,,EPEA,Euronext Paris,True,EPEA.PA
BNP PARIBAS EASY MSCI ACWI,ETP,,ALLCE,Euronext Paris,False,ALLCE.PA
INDEPENDA AM EUROP MID-CEA,ETP,,IEMID,Euronext Paris,False,IEMID.PA
BNPP EASY MSCI EMU,ETP,,EUZON,Euronext Paris,False,EUZON.PA
TOBAM GLBL BLOCKCHAIN EF-ETF,ETP,,BBLOK,Euronext Paris,False,BBLOK.PA
BNPP EASY MSCI USA,ETP,,BIGUS,Euronext Paris,False,BIGUS.PA
AMUNDI US TREASURY BOND 3-7Y,ETP,,US37C,Euronext Paris,False,US37C.PA
AMUNDI MDAX UCITS ETF,ETP,,MDX,Euronext Paris,False,MDX.PA
BNP PARI EASY MSCI USA ETF,ETP,,BGUS,Euronext Paris,False,BGUS.PA
BNPP EASY MSCI EMERG,ETP,,BRIX,Euronext Paris,False,BRIX.PA
BNPP EASY MSCI WORLD II,ETP,,GLOBD,Euronext Paris,False,GLOBD.PA
BNP PARBS ESY EMRG CHINA ETF,ETP,,EMGXC,Euronext Paris,False,EMGXC.PA
BNPP EASY MSCI EM X CHINA,ETP,,EMEXC,Euronext Paris,False,EMEXC.PA
BNPP EASY MSCI WORLD II,ETP,,GLOEU,Euronext Paris,False,GLOEU.PA
21SHARES JITO STAKED SOL ETP,ETP,,JSOL,Euronext Paris,False,JSOL.PA
BNP PARIBAS EASY II NASDAQ 1,ETP,,ANAU,Euronext Paris,False,ANAU.PA
WT PHYS AI HUMAN & DRONE,ETP,,WPAI,Euronext Paris,False,WPAI.PA
HSBC FTSE EPRA DEV ISL USD A,ETP,,HINS,Euronext Paris,False,HINS.PA
BNPP EASY BBG US T 7-10,ETP,,UST71,Euronext Paris,False,UST71.PA
BNPP EASY BBG US T 3-7,ETP,,UST37,Euronext Paris,False,UST37.PA
WISDOMTREE MEGATRENDS,ETP,,WMGT,Euronext Paris,False,WMGT.PA
WT BLOCKCHAIN UCITS ETF USDA,ETP,,WBLK,Euronext Paris,False,WBLK.PA
WITR SM AND RE MINE UC ET-US,ETP,,RARE,Euronext Paris,False,RARE.PA
WT BROAD COMDTY UCITS USD A,ETP,,PCOM,Euronext Paris,False,PCOM.PA
WT GLB EX-USA QLTY DIV GRWTH,ETP,,XUSA,Euronext Paris,False,XUSA.PA
WISDOMTREE SRTG ME UCITS ETF,ETP,,WENU,Euronext Paris,False,WENU.PA
21SHARES STRATEGY YIELD ETP,ETP,,STRC,Euronext Paris,False,STRC.PA
BNP PARI JPM EMU GB IG 0-1Y,ETP,,GE01,Euronext Paris,False,GE01.PA
WSDMTREE EURP INFRSTRCTR ETF,ETP,,WBLD,Euronext Paris,False,WBLD.PA
BNP EASY EUR OVERNIGHT PEA,ETP,,OVNI,Euronext Paris,True,OVNI.PA
WISDOMTREE TECH MGTRDS ETF,ETP,,TMGT,Euronext Paris,False,TMGT.PA
WISDOMTREE ASIA DEFENCE,ETP,,WDAF,Euronext Paris,False,WDAF.PA
WISDOMTREE GLOBAL DEFENCE,ETP,,WDGF,Euronext Paris,False,WDGF.PA
EXANE EQT SLT EURP-UCITS ETF,ETP,,EXS,Euronext Paris,False,EXS.PA
WISDOMTREE TRUE EMER MAR ETF,ETP,,WEM,Euronext Paris,False,WEM.PA
AMUD BITCOIN ETP,ETP,,BTCA,Euronext Paris,False,BTCA.PA
OSSIAM MSCI CANADA,ETP,,0UCA,Euronext Paris,False,0UCA.PA
IMGP SIRS ABSLT RTRN FND/ETF,ETP,,SARF,Euronext Paris,False,SARF.PA
BNP PBS JPM GBL GVT BD - ACC,ETP,,IGOV,Euronext Paris,False,IGOV.PA
BNPP EASY MSCI WORLD EX USA,ETP,,NOUSA,Euronext Paris,False,NOUSA.PA
BNPP EASY MSCI WORLD EX USA,ETP,,NOUSD,Euronext Paris,False,NOUSD.PA
AMUNDI NAS-100 TRGT INC-DIST,ETP,,NSDT,Euronext Paris,False,NSDT.PA
S14 CONVICTIONS - A,ETP,,S14CONV,Euronext Paris,False,S14CONV.PA
BITWISE PHYSICAL XRP ETP,ETP,,GXRP,Euronext Paris,False,GXRP.PA
BITWISE ETHEREUM STAKING ETP,ETP,,ET32,Euronext Paris,False,ET32.PA
BITWISE SOLANA STAKING ETP,ETP,,BSOL,Euronext Paris,False,BSOL.PA
AMNDI ER STOXX 50 TGT - DIST,ETP,,MSET,Euronext Paris,False,MSET.PA
BNP PRBS ES ERP EB JUN - ACC,ETP,,BFRM,Euronext Paris,False,BFRM.PA
BNP PRIBS ESY MNGD FTR - ACC,ETP,,FOLOW,Euronext Paris,False,FOLOW.PA
BNP EASY GLB E L/S ETF ACC,ETP,,SLEEK,Euronext Paris,False,SLEEK.PA
BNP EASY EQ PREM INC ETF ACC,ETP,,PRINT,Euronext Paris,False,PRINT.PA
